ANO_LETIVO;NM_DIRETORIA;NM_MUNICIPIO;CD_REDE_ENSINO;APR_1;REP_1;ABA_1;APR_2;REP_2;ABA_2;APR_3;REP_3;ABA_3
2022;ADAMANTINA;ADAMANTINA;1;0;0;0;99,61;0,29;0,1;98,97;0,83;0,2
2022;ADAMANTINA;DRACENA;1;0;0;0;97,72;1,74;0,54;97,75;1,86;0,39
2022;ADAMANTINA;FLORA RICA;1;0;0;0;0;0;0;100;0;0
2022;ADAMANTINA;FLORIDA PAULISTA;1;0;0;0;100;0;0;100;0;0
2022;ADAMANTINA;INUBIA PAULISTA;1;0;0;0;99,35;0,65;0;100;0;0
2022;ADAMANTINA;IRAPURU;1;100;0;0;92,77;4,42;2,81;92,67;1,33;6
2022;ADAMANTINA;JUNQUEIROPOLIS;1;0;0;0;99,89;0,11;0;97,73;2,27;0
2022;ADAMANTINA;LUCELIA;1;0;0;0;100;0;0;99,47;0,53;0
2022;ADAMANTINA;MARIAPOLIS;1;0;0;0;100;0;0;92,77;7,23;0
2022;ADAMANTINA;MONTE CASTELO;1;0;0;0;98,8;1,2;0;98,32;1,68;0
2022;ADAMANTINA;NOVA GUATAPORANGA;1;0;0;0;100;0;0;100;0;0
2022;ADAMANTINA;OSVALDO CRUZ;1;0;0;0;98,77;1,23;0;97,07;2,48;0,45
2022;ADAMANTINA;OURO VERDE;1;0;0;0;0;0;0;96,57;3,43;0
2022;ADAMANTINA;PACAEMBU;1;0;0;0;97,41;2,07;0,52;85,46;14,1;0,44
2022;ADAMANTINA;PANORAMA;1;0;0;0;96,97;2,02;1,01;87,9;5,68;6,42
2022;ADAMANTINA;PAULICEIA;1;0;0;0;99,03;0,97;0;94,94;5,06;0
2022;ADAMANTINA;PRACINHA;1;0;0;0;100;0;0;100;0;0
2022;ADAMANTINA;SAGRES;1;0;0;0;100;0;0;98,28;1,72;0
2022;ADAMANTINA;SALMOURAO;1;0;0;0;100;0;0;92;8;0
2022;ADAMANTINA;SANTA MERCEDES;1;0;0;0;100;0;0;100;0;0
2022;ADAMANTINA;SAO JOAO DO PAU D'ALHO;1;0;0;0;100;0;0;100;0;0
2022;ADAMANTINA;TUPI PAULISTA;1;0;0;0;0;0;0;97,91;1,67;0,42
2022;AMERICANA;AMERICANA;1;99,55;0,36;0,09;97,13;2,23;0,64;90,47;7,09;2,44
2022;AMERICANA;NOVA ODESSA;1;0;0;0;99,24;0,54;0,22;98,03;1,26;0,71
2022;AMERICANA;SANTA BARBARA D'OESTE;1;100;0;0;98,27;1,01;0,72;89,25;5,54;5,21
2022;ANDRADINA;ANDRADINA;1;0;0;0;98,74;1,12;0,14;97,21;2,41;0,38
2022;ANDRADINA;CASTILHO;1;0;0;0;98,53;1,47;0;95,71;4,29;0
2022;ANDRADINA;GUARACAI;1;0;0;0;99,37;0,31;0,32;95,65;3,26;1,09
2022;ANDRADINA;ILHA SOLTEIRA;1;0;0;0;99,39;0,51;0,1;89,28;8,58;2,14
2022;ANDRADINA;ITAPURA;1;0;0;0;99,51;0,49;0;87,83;12,17;0
2022;ANDRADINA;LAVINIA;1;0;0;0;0;0;0;100;0;0
2022;ANDRADINA;MIRANDOPOLIS;1;0;0;0;100;0;0;99,44;0,37;0,19
2022;ANDRADINA;MURUTINGA DO SUL;1;0;0;0;100;0;0;99,01;0,99;0
2022;ANDRADINA;NOVA INDEPENDENCIA;1;0;0;0;0;0;0;97,47;2,53;0
2022;ANDRADINA;PEREIRA BARRETO;1;0;0;0;100;0;0;99,34;0,66;0
2022;ANDRADINA;SUD MENNUCCI;1;0;0;0;0;0;0;95,4;4,6;0
2022;APIAI;APIAI;1;99,6;0,27;0,13;98,93;0,38;0,69;96,2;1,96;1,84
2022;APIAI;BARRA DO CHAPEU;1;0;0;0;100;0;0;95,67;0,87;3,46
2022;APIAI;GUAPIARA;1;0;0;0;99,85;0,15;0;98,31;1,69;0
2022;APIAI;IPORANGA;1;0;0;0;98,17;1,83;0;99,37;0,63;0
2022;APIAI;ITAOCA;1;100;0;0;98,95;0,52;0,53;100;0;0
2022;APIAI;ITAPIRAPUA PAULISTA;1;0;0;0;96,19;0,42;3,39;95,48;0,45;4,07
2022;APIAI;RIBEIRA;1;0;0;0;99,59;0,41;0;100;0;0
2022;APIAI;RIBEIRAO BRANCO;1;0;0;0;99,34;0,25;0,41;96,74;2,96;0,3
2022;ARACATUBA;ARACATUBA;1;100;0;0;99,43;0,38;0,19;98,11;1,41;0,48
2022;ARACATUBA;BENTO DE ABREU;1;0;0;0;100;0;0;100;0;0
2022;ARACATUBA;GUARARAPES;1;0;0;0;100;0;0;98,89;0,32;0,79
2022;ARACATUBA;RUBIACEA;1;0;0;0;99,32;0,68;0;100;0;0
2022;ARACATUBA;SANTO ANTONIO DO ARACANGUA;1;0;0;0;0;0;0;100;0;0
2022;ARACATUBA;VALPARAISO;1;0;0;0;100;0;0;96,06;3,94;0
2022;ARARAQUARA;AMERICO BRASILIENSE;1;0;0;0;97,66;2,18;0,16;96;3,9;0,1
2022;ARARAQUARA;ARARAQUARA;1;99,89;0,04;0,07;98,36;1,28;0,36;90,54;7,44;2,02
2022;ARARAQUARA;BOA ESPERANCA DO SUL;1;0;0;0;0;0;0;91,3;8,7;0
2022;ARARAQUARA;GAVIAO PEIXOTO;1;0;0;0;0;0;0;100;0;0
2022;ARARAQUARA;MATAO;1;99,89;0,11;0;98,89;1,11;0;96,16;3,84;0
2022;ARARAQUARA;MOTUCA;1;0;0;0;0;0;0;92,06;7,94;0
2022;ARARAQUARA;NOVA EUROPA;1;0;0;0;0;0;0;99,67;0,33;0
2022;ARARAQUARA;RINCAO;1;0;0;0;86,61;9,45;3,94;74,74;9,56;15,7
2022;ARARAQUARA;SANTA LUCIA;1;0;0;0;94,58;5,42;0;83,71;10,41;5,88
2022;ARARAQUARA;TRABIJU;1;0;0;0;0;0;0;98,17;1,83;0
2022;ASSIS;ASSIS;1;0;0;0;96,96;2,86;0,18;90,06;9,85;0,09
2022;ASSIS;BORA;1;0;0;0;100;0;0;100;0;0
2022;ASSIS;CANDIDO MOTA;1;99,81;0,19;0;99,7;0,3;0;95,45;4,4;0,15
2022;ASSIS;CRUZALIA;1;0;0;0;100;0;0;100;0;0
2022;ASSIS;FLORÍNEA;1;100;0;0;97,04;2,96;0;98,61;1,39;0
2022;ASSIS;IEPE;1;0;0;0;99,73;0,27;0;96,44;3,16;0,4
2022;ASSIS;LUTECIA;1;0;0;0;100;0;0;93,67;3,8;2,53
2022;ASSIS;MARACAI;1;0;0;0;99,1;0,9;0;97,88;2,12;0
2022;ASSIS;NANTES;1;0;0;0;99,37;0,63;0;97,87;2,13;0
2022;ASSIS;PALMITAL;1;0;0;0;93,11;6,78;0,11;86,58;13,2;0,22
2022;ASSIS;PARAGUACU PAULISTA;1;0;0;0;97,83;2,17;0;95,83;4,17;0
2022;ASSIS;PEDRINHAS PAULISTA;1;0;0;0;100;0;0;100;0;0
2022;ASSIS;PLATINA;1;0;0;0;92,68;7,32;0;96,1;3,9;0
2022;ASSIS;TARUMA;1;0;0;0;98,88;1,12;0;89,98;10,02;0
2022;AVARE;AGUAS DE SANTA BARBARA;1;0;0;0;100;0;0;100;0;0
2022;AVARE;ARANDU;1;0;0;0;99,16;0,56;0,28;94,47;2,01;3,52
2022;AVARE;AVARE;1;0;0;0;96,75;2,25;1;85,87;9,21;4,92
2022;AVARE;CERQUEIRA CESAR;1;0;0;0;98,46;1,54;0;97,82;2,18;0
2022;AVARE;IARAS;1;100;0;0;97,78;2,22;0;94,37;5,63;0
2022;AVARE;ITAI;1;0;0;0;99,12;0,88;0;97,46;2,01;0,53
2022;AVARE;TAQUARITUBA;1;0;0;0;99,07;0,37;0,56;97,15;0,17;2,68
2022;BARRETOS;ALTAIR;1;0;0;0;99,49;0;0,51;100;0;0
2022;BARRETOS;BARRETOS;1;0;0;0;99,69;0,11;0,2;98,25;0,72;1,03
2022;BARRETOS;COLINA;1;0;0;0;0;0;0;100;0;0
2022;BARRETOS;COLOMBIA;1;0;0;0;0;0;0;95,6;4,4;0
2022;BARRETOS;GUAIRA;1;0;0;0;99,25;0,75;0;96,88;3,12;0
2022;BARRETOS;GUARACI;1;0;0;0;0;0;0;100;0;0
2022;BARRETOS;JABORANDI;1;0;0;0;0;0;0;100;0;0
2022;BARRETOS;OLIMPIA;1;0;0;0;99,96;0;0,04;99,87;0,13;0
2022;BARRETOS;SEVERINIA;1;0;0;0;0;0;0;97,26;2,74;0
2022;BAURU;AGUDOS;1;0;0;0;99;1;0;97,89;2,11;0
2022;BAURU;AREALVA;1;0;0;0;97,11;2,1;0,79;87,78;9,95;2,27
2022;BAURU;AVAI;1;95,65;4,35;0;98,42;0,79;0,79;97,37;1,32;1,31
2022;BAURU;BALBINOS;1;0;0;0;100;0;0;100;0;0
2022;BAURU;BAURU;1;99,08;0,79;0,13;96,38;2,68;0,94;87,87;7,89;4,24
2022;BAURU;CABRALIA PAULISTA;1;0;0;0;93,55;5,53;0,92;92,86;3,17;3,97
2022;BAURU;DUARTINA;1;0;0;0;96,12;2,8;1,08;94,4;3,36;2,24
2022;BAURU;IACANGA;1;0;0;0;0;0;0;87,72;4,39;7,89
2022;BAURU;LENCOIS PAULISTA;1;0;0;0;98,09;1,91;0;97,7;1,63;0,67
2022;BAURU;LUCIANOPOLIS;1;0;0;0;96,9;3,1;0;97,47;2,53;0
2022;BAURU;PAULISTANIA;1;0;0;0;99,07;0,93;0;98,15;0;1,85
2022;BAURU;PIRAJUI;1;0;0;0;99,88;0,12;0;99,35;0,65;0
2022;BAURU;PIRATININGA;1;0;0;0;93,6;6,4;0;86,58;13,42;0
2022;BAURU;PRESIDENTE ALVES;1;100;0;0;100;0;0;97,92;2,08;0
2022;BAURU;REGINOPOLIS;1;0;0;0;98,45;0;1,55;98,69;0,65;0,66
2022;BAURU;UBIRAJARA;1;0;0;0;91,54;8,46;0;80,2;19,8;0
2022;BIRIGUI;BILAC;1;0;0;0;99,67;0,33;0;100;0;0
2022;BIRIGUI;BIRIGUI;1;0;0;0;98,97;0,75;0,28;95,38;2,64;1,98
2022;BIRIGUI;BREJO ALEGRE;1;0;0;0;100;0;0;95,87;4,13;0
2022;BIRIGUI;BURITAMA;1;0;0;0;99,75;0,25;0;96,3;3,7;0
2022;BIRIGUI;COROADOS;1;0;0;0;100;0;0;100;0;0
2022;BIRIGUI;GABRIEL MONTEIRO;1;0;0;0;100;0;0;100;0;0
2022;BIRIGUI;GLICERIO;1;0;0;0;100;0;0;100;0;0
2022;BIRIGUI;LOURDES;1;0;0;0;100;0;0;100;0;0
2022;BIRIGUI;PIACATU;1;0;0;0;100;0;0;98,67;0;1,33
2022;BIRIGUI;TURIUBA;1;0;0;0;100;0;0;100;0;0
2022;BOTUCATU;ANHEMBI;1;0;0;0;0;0;0;95,26;4,74;0
2022;BOTUCATU;AREIOPOLIS;1;0;0;0;0;0;0;96,81;3,19;0
2022;BOTUCATU;BOFETE;1;0;0;0;100;0;0;85,8;14,2;0
2022;BOTUCATU;BOTUCATU;1;0;0;0;96,09;2,3;1,61;91,48;6,56;1,96
2022;BOTUCATU;CESARIO LANGE;1;0;0;0;0;0;0;89,67;10,19;0,14
2022;BOTUCATU;CONCHAS;1;0;0;0;97,37;2,63;0;88,17;10,17;1,66
2022;BOTUCATU;ITATINGA;1;0;0;0;98;2;0;94,01;4,72;1,27
2022;BOTUCATU;LARANJAL PAULISTA;1;0;0;0;96,45;3,55;0;91,12;8,76;0,12
2022;BOTUCATU;PARDINHO;1;0;0;0;0;0;0;89,2;7,6;3,2
2022;BOTUCATU;PEREIRAS;1;0;0;0;100;0;0;100;0;0
2022;BOTUCATU;PORANGABA;1;0;0;0;96,92;3,08;0;92,17;7,83;0
2022;BOTUCATU;PRATANIA;1;0;0;0;99,19;0,81;0;96,6;3,4;0
2022;BOTUCATU;QUADRA;1;0;0;0;0;0;0;99,28;0;0,72
2022;BOTUCATU;SAO MANUEL;1;0;0;0;98,07;1,93;0;95,45;4,55;0
2022;BOTUCATU;TORRE DE PEDRA;1;0;0;0;100;0;0;100;0;0
2022;BRAGANCA PAULISTA;ATIBAIA;1;100;0;0;99,35;0;0,65;97,96;0,31;1,73
2022;BRAGANCA PAULISTA;BOM JESUS DOS PERDOES;1;0;0;0;99,13;0;0,87;99,89;0;0,11
2022;BRAGANCA PAULISTA;BRAGANCA PAULISTA;1;0;0;0;99,62;0,04;0,34;99,54;0,14;0,32
2022;BRAGANCA PAULISTA;JOANOPOLIS;1;0;0;0;0;0;0;100;0;0
2022;BRAGANCA PAULISTA;MORUNGABA;1;0;0;0;100;0;0;100;0;0
2022;BRAGANCA PAULISTA;NAZARE PAULISTA;1;100;0;0;99,9;0;0,1;99,38;0;0,62
2022;BRAGANCA PAULISTA;PEDRA BELA;1;0;0;0;0;0;0;100;0;0
2022;BRAGANCA PAULISTA;PINHALZINHO;1;0;0;0;0;0;0;100;0;0
2022;BRAGANCA PAULISTA;PIRACAIA;1;0;0;0;100;0;0;99,24;0,25;0,51
2022;BRAGANCA PAULISTA;SOCORRO;1;100;0;0;99,74;0,07;0,19;97,91;0,28;1,81
2022;BRAGANCA PAULISTA;TUIUTI;1;0;0;0;0;0;0;100;0;0
2022;BRAGANCA PAULISTA;VARGEM;1;0;0;0;0;0;0;96,21;0;3,79
2022;CAIEIRAS;CAIEIRAS;1;100;0;0;98,86;0,97;0,17;96,96;1,55;1,49
2022;CAIEIRAS;CAJAMAR;1;0;0;0;100;0;0;97,85;0,55;1,6
2022;CAIEIRAS;FRANCISCO MORATO;1;100;0;0;97,85;1,85;0,3;95,87;2,98;1,15
2022;CAIEIRAS;FRANCO DA ROCHA;1;99,72;0;0,28;98,45;1,23;0,32;96,85;2,08;1,07
2022;CAIEIRAS;MAIRIPORA;1;0;0;0;98,91;0,64;0,45;97,28;2,08;0,64
2022;CAMPINAS LESTE;CAMPINAS;1;99,8;0,16;0,04;97,83;2,04;0,13;93,02;6,38;0,6
2022;CAMPINAS LESTE;JAGUARIUNA;1;0;0;0;0;0;0;90,25;9,75;0
2022;CAMPINAS OESTE;CAMPINAS;1;99;0,67;0,33;95,98;2,75;1,27;89,48;6,33;4,19
2022;CAMPINAS OESTE;VALINHOS;1;0;0;0;97,22;2,33;0,45;93,2;5,26;1,54
2022;CAMPINAS OESTE;VINHEDO;1;0;0;0;0;0;0;92,05;4,55;3,4
2022;CAPIVARI;CAPIVARI;1;0;0;0;96,58;1,67;1,75;92,92;1,62;5,46
2022;CAPIVARI;ELIAS FAUSTO;1;0;0;0;0;0;0;96,79;2,84;0,37
2022;CAPIVARI;INDAIATUBA;1;0;0;0;98,02;1,16;0,82;94,35;3,56;2,09
2022;CAPIVARI;MOMBUCA;1;0;0;0;0;0;0;98,82;0;1,18
2022;CAPIVARI;MONTE MOR;1;0;0;0;95,69;2,85;1,46;91,53;4,04;4,43
2022;CAPIVARI;RAFARD;1;0;0;0;98,54;1,09;0,37;95,06;1,74;3,2
2022;CAPIVARI;RIO DAS PEDRAS;1;0;0;0;97,01;1,36;1,63;91,39;3,21;5,4
2022;CARAGUATATUBA;CARAGUATATUBA;1;0;0;0;99,46;0,54;0;96,3;3,66;0,04
2022;CARAGUATATUBA;ILHABELA;1;0;0;0;0;0;0;97,32;2,49;0,19
2022;CARAGUATATUBA;SAO SEBASTIAO;1;0;0;0;0;0;0;97,14;2,86;0
2022;CARAGUATATUBA;UBATUBA;1;100;0;0;98,96;1,04;0;97,24;2,76;0
2022;CARAPICUIBA;CARAPICUIBA;1;99,17;0,48;0,35;96,83;1,85;1,32;91,53;5,49;2,98
2022;CARAPICUIBA;COTIA;1;97,5;0;2,5;95,48;3,26;1,26;88,75;8,53;2,72
2022;CATANDUVA;ARIRANHA;1;0;0;0;100;0;0;100;0;0
2022;CATANDUVA;CAJOBI;1;0;0;0;0;0;0;100;0;0
2022;CATANDUVA;CATANDUVA;1;0;0;0;98,99;1,01;0;97,24;2,76;0
2022;CATANDUVA;CATIGUA;1;0;0;0;98,48;1,22;0,3;93,09;2,44;4,47
2022;CATANDUVA;ELISIARIO;1;0;0;0;0;0;0;100;0;0
2022;CATANDUVA;EMBAUBA;1;0;0;0;99,08;0,92;0;100;0;0
2022;CATANDUVA;ITAJOBI;1;0;0;0;0;0;0;97,65;2,35;0
2022;CATANDUVA;MARAPOAMA;1;0;0;0;97,99;2,01;0;98,88;1,12;0
2022;CATANDUVA;NOVAIS;1;0;0;0;0;0;0;100;0;0
2022;CATANDUVA;NOVO HORIZONTE;1;0;0;0;99,24;0,76;0;99,7;0,3;0
2022;CATANDUVA;PALMARES PAULISTA;1;0;0;0;99,45;0,55;0;94,62;5;0,38
2022;CATANDUVA;PARAISO;1;0;0;0;0;0;0;100;0;0
2022;CATANDUVA;PINDORAMA;1;0;0;0;98,04;1,96;0;98,49;1,51;0
2022;CATANDUVA;SANTA ADELIA;1;0;0;0;100;0;0;100;0;0
2022;CATANDUVA;TABAPUA;1;0;0;0;100;0;0;99,28;0,72;0
2022;CENTRO;SAO PAULO;1;99,13;0,51;0,36;96,02;3,47;0,51;91,16;7,33;1,51
2022;CENTRO OESTE;SAO PAULO;1;99,66;0,26;0,08;97,75;1,76;0,49;88,61;9,57;1,82
2022;CENTRO SUL;SAO PAULO;1;99,36;0,39;0,25;96,89;2,62;0,49;89,23;9,89;0,88
2022;DIADEMA;DIADEMA;1;99,85;0,12;0,03;98,92;1,03;0,05;95,39;3,64;0,97
2022;FERNANDOPOLIS;ESTRELA D'OESTE;1;0;0;0;99,72;0,28;0;100;0;0
2022;FERNANDOPOLIS;FERNANDOPOLIS;1;100;0;0;98,88;0,78;0,34;98,05;1,67;0,28
2022;FERNANDOPOLIS;GENERAL SALGADO;1;100;0;0;100;0;0;99,57;0;0,43
2022;FERNANDOPOLIS;GUARANI D'OESTE;1;0;0;0;94,57;5,43;0;97,83;2,17;0
2022;FERNANDOPOLIS;INDIAPORA;1;0;0;0;100;0;0;100;0;0
2022;FERNANDOPOLIS;MACEDONIA;1;0;0;0;100;0;0;96,12;0;3,88
2022;FERNANDOPOLIS;MAGDA;1;0;0;0;100;0;0;98,7;1,3;0
2022;FERNANDOPOLIS;MERIDIANO;1;0;0;0;100;0;0;99;1;0
2022;FERNANDOPOLIS;MIRA ESTRELA;1;0;0;0;100;0;0;96,77;3,23;0
2022;FERNANDOPOLIS;OUROESTE;1;0;0;0;100;0;0;100;0;0
2022;FERNANDOPOLIS;PEDRANOPOLIS;1;0;0;0;100;0;0;100;0;0
2022;FERNANDOPOLIS;POPULINA;1;0;0;0;100;0;0;100;0;0
2022;FERNANDOPOLIS;SAO JOAO DAS DUAS PONTES;1;0;0;0;100;0;0;100;0;0
2022;FERNANDOPOLIS;SAO JOAO DE IRACEMA;1;0;0;0;100;0;0;100;0;0
2022;FERNANDOPOLIS;TURMALINA;1;0;0;0;100;0;0;100;0;0
2022;FRANCA;CRISTAIS PAULISTA;1;0;0;0;0;0;0;93,33;6,3;0,37
2022;FRANCA;FRANCA;1;99,79;0,18;0,03;98,67;0,91;0,42;94,41;4;1,59
2022;FRANCA;ITIRAPUA;1;0;0;0;97,95;1,75;0,3;86,27;7,35;6,38
2022;FRANCA;JERIQUARA;1;0;0;0;0;0;0;98,54;1,46;0
2022;FRANCA;PATROCINIO PAULISTA;1;0;0;0;99;0,43;0,57;99,54;0,46;0
2022;FRANCA;PEDREGULHO;1;0;0;0;98,26;0,23;1,51;94,24;0,96;4,8
2022;FRANCA;RESTINGA;1;0;0;0;0;0;0;96,36;3,64;0
2022;FRANCA;RIBEIRAO CORRENTE;1;0;0;0;0;0;0;97,99;0,67;1,34
2022;FRANCA;RIFAINA;1;0;0;0;92,96;6,57;0,47;88,37;8,53;3,1
2022;FRANCA;SAO JOSE DA BELA VISTA;1;0;0;0;88,87;7,29;3,84;75,86;10,69;13,45
2022;GUARATINGUETA;APARECIDA;1;0;0;0;0;0;0;87,75;10,86;1,39
2022;GUARATINGUETA;ARAPEI;1;0;0;0;0;0;0;86,67;13,33;0
2022;GUARATINGUETA;AREIAS;1;0;0;0;0;0;0;88,06;7,46;4,48
2022;GUARATINGUETA;BANANAL;1;0;0;0;0;0;0;80,12;18,13;1,75
2022;GUARATINGUETA;CACHOEIRA PAULISTA;1;0;0;0;96,35;3,55;0,1;90,32;8,75;0,93
2022;GUARATINGUETA;CANAS;1;0;0;0;0;0;0;95,37;1,85;2,78
2022;GUARATINGUETA;CRUZEIRO;1;0;0;0;96,31;3,18;0,51;92,48;5,31;2,21
2022;GUARATINGUETA;CUNHA;1;0;0;0;97,65;1,94;0,41;94,16;3,44;2,4
2022;GUARATINGUETA;GUARATINGUETA;1;0;0;0;95,14;4,4;0,46;87,19;11,88;0,93
2022;GUARATINGUETA;LAVRINHAS;1;0;0;0;98,55;0;1,45;95,5;0,9;3,6
2022;GUARATINGUETA;LORENA;1;100;0;0;95,88;2,92;1,2;83,13;14,92;1,95
2022;GUARATINGUETA;PIQUETE;1;0;0;0;96,91;2,38;0,71;94,33;5,67;0
2022;GUARATINGUETA;POTIM;1;0;0;0;0;0;0;85,99;14,01;0
2022;GUARATINGUETA;QUELUZ;1;0;0;0;0;0;0;83,66;15,56;0,78
2022;GUARATINGUETA;ROSEIRA;1;0;0;0;0;0;0;87,69;12,31;0
2022;GUARATINGUETA;SAO JOSE DO BARREIRO;1;0;0;0;0;0;0;80,89;9,55;9,56
2022;GUARATINGUETA;SILVEIRAS;1;0;0;0;97,18;1,88;0,94;81,03;10,77;8,2
2022;GUARULHOS NORTE;GUARULHOS;1;99,7;0,15;0,15;97,25;2,24;0,51;89,22;8,98;1,8
2022;GUARULHOS SUL;GUARULHOS;1;99,41;0,49;0,1;97,5;2,3;0,2;92,29;6,96;0,75
2022;ITAPECERICA DA SERRA;EMBU-GUACU;1;100;0;0;99,91;0,03;0,06;96,66;2,35;0,99
2022;ITAPECERICA DA SERRA;ITAPECERICA DA SERRA;1;100;0;0;98,39;1,18;0,43;96,67;2,41;0,92
2022;ITAPECERICA DA SERRA;JUQUITIBA;1;99,7;0,1;0,2;99,88;0,12;0;97,95;1,85;0,2
2022;ITAPECERICA DA SERRA;SAO LOURENCO DA SERRA;1;0;0;0;99,88;0,12;0;98,34;1,66;0
2022;ITAPETININGA;ALAMBARI;1;0;0;0;99,38;0,62;0;93,91;6,09;0
2022;ITAPETININGA;ANGATUBA;1;99,54;0;0,46;100;0;0;97,88;2,12;0
2022;ITAPETININGA;CAMPINA DO MONTE ALEGRE;1;0;0;0;0;0;0;97,29;2,71;0
2022;ITAPETININGA;GUAREI;1;0;0;0;98,93;1,07;0;100;0;0
2022;ITAPETININGA;ITAPETININGA;1;100;0;0;99,22;0,72;0,06;96,25;3,21;0,54
2022;ITAPETININGA;PARANAPANEMA;1;0;0;0;0;0;0;94,4;1,98;3,62
2022;ITAPETININGA;SAO MIGUEL ARCANJO;1;0;0;0;97,53;2,29;0,18;96;3,38;0,62
2022;ITAPETININGA;SARAPUI;1;0;0;0;99,47;0,53;0;94,44;5,56;0
2022;ITAPETININGA;TATUI;1;0;0;0;98,42;0,9;0,68;96,87;1,33;1,8
2022;ITAPEVA;BURI;1;0;0;0;0;0;0;96,92;3,08;0
2022;ITAPEVA;CAPAO BONITO;1;0;0;0;100;0;0;96,42;3,51;0,07
2022;ITAPEVA;ITAPEVA;1;0;0;0;0;0;0;96,31;3,33;0,36
2022;ITAPEVA;NOVA CAMPINA;1;0;0;0;0;0;0;90,77;9,23;0
2022;ITAPEVA;RIBEIRAO GRANDE;1;0;0;0;99,8;0;0,2;98,36;0;1,64
2022;ITAPEVA;TAQUARIVAI;1;0;0;0;0;0;0;92,97;7,03;0
2022;ITAPEVI;BARUERI;1;0;0;0;0;0;0;89,01;9,29;1,7
2022;ITAPEVI;ITAPEVI;1;0;0;0;95,13;4,04;0,83;90,51;7,33;2,16
2022;ITAPEVI;JANDIRA;1;0;0;0;97,08;2,35;0,57;92,05;4,58;3,37
2022;ITAPEVI;PIRAPORA DO BOM JESUS;1;0;0;0;0;0;0;90,26;5,82;3,92
2022;ITAQUAQUECETUBA;ITAQUAQUECETUBA;1;99,33;0,67;0;96,41;2,96;0,63;90,85;7,69;1,46
2022;ITAQUAQUECETUBA;POA;1;0;0;0;97,49;2,25;0,26;94,63;4,19;1,18
2022;ITARARE;BARAO DE ANTONINA;1;100;0;0;100;0;0;98,94;1,06;0
2022;ITARARE;BOM SUCESSO DE ITARARE;1;0;0;0;99,63;0,37;0;100;0;0
2022;ITARARE;CORONEL MACEDO;1;0;0;0;99,56;0;0,44;92,67;4;3,33
2022;ITARARE;ITABERA;1;99,91;0,09;0;99,66;0,34;0;98,85;1,15;0
2022;ITARARE;ITAPORANGA;1;100;0;0;99,03;0,69;0,28;93,71;3,25;3,04
2022;ITARARE;ITARARE;1;0;0;0;98,29;0,97;0,74;91,58;3,09;5,33
2022;ITARARE;RIVERSUL;1;100;0;0;97,89;0,6;1,51;88,98;1,27;9,75
2022;ITU;BOITUVA;1;0;0;0;0;0;0;88,07;11,79;0,14
2022;ITU;CABREUVA;1;0;0;0;98,05;1,64;0,31;95,98;3,1;0,92
2022;ITU;CERQUILHO;1;0;0;0;0;0;0;94,79;5,21;0
2022;ITU;IPERO;1;0;0;0;0;0;0;92,25;6,79;0,96
2022;ITU;ITU;1;0;0;0;95,22;4,56;0,22;91,15;8,19;0,66
2022;ITU;JUMIRIM;1;0;0;0;0;0;0;93,02;5,81;1,17
2022;ITU;PORTO FELIZ;1;0;0;0;100;0;0;90,77;9,17;0,06
2022;ITU;SALTO;1;99,89;0,11;0;99,11;0,76;0,13;97,22;2,37;0,41
2022;ITU;TIETE;1;0;0;0;0;0;0;99,05;0,95;0
2022;JABOTICABAL;BEBEDOURO;1;0;0;0;97,54;1,16;1,3;94,87;1,53;3,6
2022;JABOTICABAL;GUARIBA;1;0;0;0;0;0;0;97,36;0;2,64
2022;JABOTICABAL;GUATAPARA;1;0;0;0;0;0;0;94,71;1,32;3,97
2022;JABOTICABAL;JABOTICABAL;1;0;0;0;96,97;2,06;0,97;94,34;2,47;3,19
2022;JABOTICABAL;MONTE ALTO;1;0;0;0;99,61;0,26;0,13;95,35;1,1;3,55
2022;JABOTICABAL;MONTE AZUL PAULISTA;1;0;0;0;97,24;1,97;0,79;92,03;4,59;3,38
2022;JABOTICABAL;PRADOPOLIS;1;0;0;0;0;0;0;95,16;2,5;2,34
2022;JABOTICABAL;TAIACU;1;0;0;0;100;0;0;96,62;0;3,38
2022;JABOTICABAL;TAIUVA;1;0;0;0;100;0;0;97,92;2,08;0
2022;JABOTICABAL;TAQUARAL;1;0;0;0;99,22;0;0,78;98,68;0;1,32
2022;JACAREI;ARUJA;1;100;0;0;98,97;0,76;0,27;88,75;7,73;3,52
2022;JACAREI;GUARAREMA;1;0;0;0;96,11;3,54;0,35;90,2;7,26;2,54
2022;JACAREI;IGARATA;1;0;0;0;96,23;2,09;1,68;94,8;0,58;4,62
2022;JACAREI;JACAREI;1;0;0;0;97,84;1,7;0,46;90,62;6,98;2,4
2022;JACAREI;SANTA BRANCA;1;0;0;0;0;0;0;90,52;4,74;4,74
2022;JACAREI;SANTA ISABEL;1;0;0;0;98,73;1,09;0,18;92,89;4,43;2,68
2022;JALES;APARECIDA D'OESTE;1;0;0;0;100;0;0;96,33;3,67;0
2022;JALES;ASPASIA;1;98,85;1,15;0;99;1;0;97,78;2,22;0
2022;JALES;AURIFLAMA;1;0;0;0;99,42;0,58;0;94,07;5,65;0,28
2022;JALES;DIRCE REIS;1;98,77;1,23;0;97,59;2,41;0;100;0;0
2022;JALES;DOLCINOPOLIS;1;0;0;0;95,96;4,04;0;94,34;5,66;0
2022;JALES;GUZOLANDIA;1;0;0;0;100;0;0;100;0;0
2022;JALES;JALES;1;0;0;0;99,6;0,4;0;97,44;2,56;0
2022;JALES;MARINOPOLIS;1;0;0;0;98,75;1,25;0;96,08;3,92;0
2022;JALES;MESOPOLIS;1;0;0;0;93,53;6,47;0;92,73;7,27;0
2022;JALES;NOVA CANAA PAULISTA;1;0;0;0;100;0;0;100;0;0
2022;JALES;PALMEIRA D'OESTE;1;0;0;0;98,78;1,22;0;99,44;0,56;0
2022;JALES;PARANAPUA;1;0;0;0;98,29;1,71;0;99,23;0,77;0
2022;JALES;PONTALINDA;1;0;0;0;100;0;0;100;0;0
2022;JALES;RUBINEIA;1;0;0;0;99,48;0;0,52;96,74;1,09;2,17
2022;JALES;SANTA ALBERTINA;1;0;0;0;100;0;0;99,35;0;0,65
2022;JALES;SANTA CLARA D'OESTE;1;0;0;0;99,26;0,74;0;97,5;2,5;0
2022;JALES;SANTA FE DO SUL;1;0;0;0;0;0;0;95,63;4,37;0
2022;JALES;SANTA RITA D'OESTE;1;0;0;0;98,1;1,9;0;96,55;3,45;0
2022;JALES;SANTA SALETE;1;100;0;0;99,19;0,81;0;99,09;0,91;0
2022;JALES;SANTANA DA PONTE PENSA;1;100;0;0;100;0;0;100;0;0
2022;JALES;SAO FRANCISCO;1;99,15;0,85;0;99,22;0,78;0;98,31;1,69;0
2022;JALES;SUZANAPOLIS;1;0;0;0;100;0;0;98,99;1,01;0
2022;JALES;TRES FRONTEIRAS;1;0;0;0;97,96;2,04;0;100;0;0
2022;JALES;URANIA;1;100;0;0;99,7;0,3;0;98,06;1,94;0
2022;JALES;VITORIA BRASIL;1;0;0;0;100;0;0;98,68;1,32;0
2022;JAU;BARIRI;1;0;0;0;97,17;2,83;0;85,65;14,35;0
2022;JAU;BARRA BONITA;1;0;0;0;99,73;0,27;0;98,38;1,62;0
2022;JAU;BOCAINA;1;0;0;0;96,64;3,36;0;94,86;5,14;0
2022;JAU;BORACEIA;1;0;0;0;98,94;1,06;0;98,17;1,83;0
2022;JAU;BOREBI;1;0;0;0;0;0;0;95,45;1,82;2,73
2022;JAU;BROTAS;1;0;0;0;98,15;0,55;1,3;96,56;2,01;1,43
2022;JAU;DOIS CORREGOS;1;0;0;0;99,33;0,67;0;99,15;0,85;0
2022;JAU;IGARACU DO TIETE;1;0;0;0;95,5;4,5;0;98,34;1,66;0
2022;JAU;ITAJU;1;0;0;0;98,91;1,09;0;98,52;1,48;0
2022;JAU;ITAPUI;1;0;0;0;98,24;1,76;0;100;0;0
2022;JAU;JAU;1;0;0;0;98,72;1,06;0,22;96,54;1,93;1,53
2022;JAU;MACATUBA;1;0;0;0;98,92;1,08;0;96,4;3,6;0
2022;JAU;MINEIROS DO TIETE;1;0;0;0;98,4;1,6;0;97,02;2,98;0
2022;JAU;PEDERNEIRAS;1;0;0;0;96,45;3,55;0;91,53;8,47;0
2022;JAU;TORRINHA;1;100;0;0;97,44;2,56;0;91,45;8,55;0
2022;JOSE BONIFACIO;ADOLFO;1;0;0;0;0;0;0;97,86;2,14;0
2022;JOSE BONIFACIO;BALSAMO;1;0;0;0;99,5;0;0,5;100;0;0
2022;JOSE BONIFACIO;IRAPUA;1;0;0;0;100;0;0;100;0;0
2022;JOSE BONIFACIO;JACI;1;0;0;0;98,64;1,36;0;92,91;7,09;0
2022;JOSE BONIFACIO;JOSE BONIFACIO;1;96,59;3,41;0;98,88;0,87;0,25;94,63;5,25;0,12
2022;JOSE BONIFACIO;MENDONCA;1;0;0;0;100;0;0;97,8;2,2;0
2022;JOSE BONIFACIO;MIRASSOL;1;0;0;0;98,91;1,09;0;97,98;2,02;0
2022;JOSE BONIFACIO;MONTE APRAZIVEL;1;0;0;0;99,38;0,62;0;97,45;2,55;0
2022;JOSE BONIFACIO;NEVES PAULISTA;1;0;0;0;99,42;0,58;0;98,05;1,95;0
2022;JOSE BONIFACIO;NIPOA;1;0;0;0;100;0;0;100;0;0
2022;JOSE BONIFACIO;NOVA ALIANCA;1;0;0;0;88,46;8,01;3,53;80;7,92;12,08
2022;JOSE BONIFACIO;PLANALTO;1;0;0;0;98,75;0;1,25;93,21;0;6,79
2022;JOSE BONIFACIO;POLONI;1;96,97;3,03;0;96,06;1,21;2,73;94,04;1,32;4,64
2022;JOSE BONIFACIO;SALES;1;0;0;0;99,06;0,94;0;100;0;0
2022;JOSE BONIFACIO;TANABI;1;0;0;0;100;0;0;100;0;0
2022;JOSE BONIFACIO;UBARANA;1;0;0;0;0;0;0;96,47;3,53;0
2022;JOSE BONIFACIO;UNIAO PAULISTA;1;100;0;0;100;0;0;100;0;0
2022;JOSE BONIFACIO;URUPES;1;0;0;0;0;0;0;100;0;0
2022;JOSE BONIFACIO;ZACARIAS;1;0;0;0;99,29;0,71;0;89,47;10,53;0
2022;JUNDIAI;CAMPO LIMPO PAULISTA;1;0;0;0;98,51;1,39;0,1;94,67;5,02;0,31
2022;JUNDIAI;ITATIBA;1;0;0;0;0;0;0;99,2;0,6;0,2
2022;JUNDIAI;ITUPEVA;1;0;0;0;97,23;1,65;1,12;91,87;4,87;3,26
2022;JUNDIAI;JARINU;1;0;0;0;99,25;0,75;0;96,13;3,73;0,14
2022;JUNDIAI;JUNDIAI;1;0;0;0;98,24;1,63;0,13;95,07;3,75;1,18
2022;JUNDIAI;LOUVEIRA;1;0;0;0;99,19;0,73;0,08;93,23;6,57;0,2
2022;JUNDIAI;VARZEA PAULISTA;1;0;0;0;99,25;0,52;0,23;95,61;1,76;2,63
2022;LESTE 1;SAO PAULO;1;99,18;0,44;0,38;94,11;4,54;1,35;83,49;12,59;3,92
2022;LESTE 2;SAO PAULO;1;99,41;0,28;0,31;97,57;2,25;0,18;92,51;7,02;0,47
2022;LESTE 3;SAO PAULO;1;98,29;0,87;0,84;94,02;3,79;2,19;83,78;8,93;7,29
2022;LESTE 4;SAO PAULO;1;99,3;0,39;0,31;95,9;3,44;0,66;84,29;12,4;3,31
2022;LESTE 5;SAO PAULO;1;99,71;0,24;0,05;95,99;3,58;0,43;87,34;10,88;1,78
2022;LIMEIRA;ARTUR NOGUEIRA;1;0;0;0;99,06;0,51;0,43;97,94;1,21;0,85
2022;LIMEIRA;CORDEIROPOLIS;1;0;0;0;97,4;1,59;1,01;92,38;5,04;2,58
2022;LIMEIRA;COSMOPOLIS;1;0;0;0;94,38;0,84;4,78;95,82;2,62;1,56
2022;LIMEIRA;ENGENHEIRO COELHO;1;0;0;0;98,42;1,34;0,24;94,61;5,39;0
2022;LIMEIRA;IPEUNA;1;0;0;0;100;0;0;100;0;0
2022;LIMEIRA;IRACEMAPOLIS;1;0;0;0;99,44;0,09;0,47;96,87;1,88;1,25
2022;LIMEIRA;LIMEIRA;1;99,73;0,18;0,09;98,79;0,18;1,03;96,39;0,65;2,96
2022;LIMEIRA;RIO CLARO;1;100;0;0;99,48;0,26;0,26;98,59;0,56;0,85
2022;LIMEIRA;SANTA GERTRUDES;1;0;0;0;0;0;0;97,58;2,17;0,25
2022;LINS;CAFELANDIA;1;98,52;0,74;0,74;98,62;1,13;0,25;97,57;0,54;1,89
2022;LINS;GETULINA;1;0;0;0;99,48;0;0,52;99,15;0,85;0
2022;LINS;GUAICARA;1;0;0;0;98,93;1,07;0;92,12;7,88;0
2022;LINS;GUAIMBE;1;0;0;0;94,14;5,86;0;94,48;3,87;1,65
2022;LINS;GUARANTA;1;0;0;0;93,43;5,07;1,5;86,36;6,36;7,28
2022;LINS;LINS;1;98,47;1,53;0;96,9;1,86;1,24;83,42;8,12;8,46
2022;LINS;PONGAI;1;0;0;0;98,13;1,88;-0,01;97,12;2,88;0
2022;LINS;PROMISSAO;1;99,18;0,82;0;99,76;0,12;0,12;91,47;8,06;0,47
2022;LINS;SABINO;1;0;0;0;97,64;1,68;0,68;92,22;0;7,78
2022;LINS;URU;1;0;0;0;97,89;2,11;0;100;0;0
2022;MARILIA;ALVARO DE CARVALHO;1;0;0;0;98,46;1,03;0,51;91,49;0;8,51
2022;MARILIA;ALVINLANDIA;1;0;0;0;100;0;0;97,64;2,36;0
2022;MARILIA;ECHAPORA;1;0;0;0;98,71;0,97;0,32;93,58;3,74;2,68
2022;MARILIA;FERNAO;1;0;0;0;100;0;0;100;0;0
2022;MARILIA;GALIA;1;0;0;0;99,13;0;0,87;98,73;0,63;0,64
2022;MARILIA;GARCA;1;0;0;0;98,07;0,67;1,26;87,47;7,13;5,4
2022;MARILIA;JULIO MESQUITA;1;0;0;0;99,06;0,94;0;96,9;3,1;0
2022;MARILIA;LUPERCIO;1;0;0;0;99,04;0,96;0;97,5;2,5;0
2022;MARILIA;MARILIA;1;99,73;0,13;0,14;98,4;1,3;0,3;94,13;4,72;1,15
2022;MARILIA;OCAUCU;1;0;0;0;99,19;0;0,81;96,45;2,13;1,42
2022;MARILIA;ORIENTE;1;0;0;0;99,58;0,42;0;99,25;0,75;0
2022;MARILIA;OSCAR BRESSANE;1;0;0;0;0;0;0;100;0;0
2022;MARILIA;POMPEIA;1;0;0;0;97,06;2,94;0;72,41;27,59;0
2022;MARILIA;VERA CRUZ;1;0;0;0;99,05;0,95;0;97,42;2,58;0
2022;MAUA;MAUA;1;99,66;0,23;0,11;96,85;2,78;0,37;90,86;7,67;1,47
2022;MAUA;RIBEIRAO PIRES;1;99,6;0,27;0,13;98,46;1,14;0,4;94,69;3,26;2,05
2022;MAUA;RIO GRANDE DA SERRA;1;99,19;0,81;0;97,2;2,65;0,15;90,63;8,65;0,72
2022;MIRACATU;IGUAPE;1;100;0;0;99,68;0,32;0;99,78;0,11;0,11
2022;MIRACATU;ILHA COMPRIDA;1;0;0;0;0;0;0;98,12;0;1,88
2022;MIRACATU;ITARIRI;1;100;0;0;99,52;0,48;0;97,72;2,07;0,21
2022;MIRACATU;JUQUIA;1;0;0;0;99,14;0,86;0;98,62;1,38;0
2022;MIRACATU;MIRACATU;1;83,33;16,67;0;98,78;1,05;0,17;96,29;2,65;1,06
2022;MIRACATU;PEDRO DE TOLEDO;1;0;0;0;99,81;0;0,19;99,27;0,73;0
2022;MIRANTE DO PARANAPANEMA;ESTRELA DO NORTE;1;0;0;0;100;0;0;95,92;4,08;0
2022;MIRANTE DO PARANAPANEMA;EUCLIDES DA CUNHA PAULISTA;1;0;0;0;99,31;0,69;0;96,59;3,41;0
2022;MIRANTE DO PARANAPANEMA;MIRANTE DO PARANAPANEMA;1;100;0;0;100;0;0;98,29;1,71;0
2022;MIRANTE DO PARANAPANEMA;NARANDIBA;1;0;0;0;0;0;0;100;0;0
2022;MIRANTE DO PARANAPANEMA;ROSANA;1;100;0;0;98,77;1,23;0;97,09;2,71;0,2
2022;MIRANTE DO PARANAPANEMA;SANDOVALINA;1;0;0;0;0;0;0;97,48;2,52;0
2022;MIRANTE DO PARANAPANEMA;TARABAI;1;0;0;0;0;0;0;80,75;19,25;0
2022;MIRANTE DO PARANAPANEMA;TEODORO SAMPAIO;1;100;0;0;98,38;1,62;0;94,92;4,9;0,18
2022;MOGI DAS CRUZES;BIRITIBA-MIRIM;1;0;0;0;97,75;2,19;0,06;89,98;10,02;0
2022;MOGI DAS CRUZES;MOGI DAS CRUZES;1;99,69;0,31;0;98,1;1,12;0,78;92,45;4,52;3,03
2022;MOGI DAS CRUZES;SALESOPOLIS;1;0;0;0;95,76;3,84;0,4;86,12;13,09;0,79
2022;MOGI MIRIM;AGUAS DE LINDOIA;1;96,49;3,51;0;97,37;2,63;0;95,03;4,97;0
2022;MOGI MIRIM;AMPARO;1;99,49;0,51;0;99,4;0,56;0,04;95,59;3,11;1,3
2022;MOGI MIRIM;CONCHAL;1;0;0;0;97,69;1,27;1,04;94,01;4,18;1,81
2022;MOGI MIRIM;ESTIVA GERBI;1;0;0;0;0;0;0;97,09;2,91;0
2022;MOGI MIRIM;HOLAMBRA;1;0;0;0;0;0;0;78,67;15,73;5,6
2022;MOGI MIRIM;ITAPIRA;1;98,77;1,23;0;93,59;3,63;2,78;86,89;7,26;5,85
2022;MOGI MIRIM;LINDOIA;1;0;0;0;0;0;0;92,4;7,6;0
2022;MOGI MIRIM;MOGI GUACU;1;0;0;0;97,54;1,1;1,36;89,91;3,75;6,34
2022;MOGI MIRIM;MOGI MIRIM;1;0;100;0;96,77;2,23;1;92,11;4,29;3,6
2022;MOGI MIRIM;MONTE ALEGRE DO SUL;1;0;0;0;0;0;0;94,55;1,9;3,55
2022;MOGI MIRIM;PEDREIRA;1;0;0;0;98,04;1,68;0,28;88,44;10,42;1,14
2022;MOGI MIRIM;SANTO ANTONIO DE POSSE;1;0;0;0;0;0;0;89,23;3,23;7,54
2022;MOGI MIRIM;SERRA NEGRA;1;99,38;0,62;0;98,35;1,56;0,09;88,53;10,34;1,13
2022;NORTE 1;SAO PAULO;1;99,13;0,6;0,27;95,07;4,42;0,51;84,48;13,37;2,15
2022;NORTE 2;SAO PAULO;1;99,51;0,27;0,22;95,95;3,29;0,76;89,64;8,73;1,63
2022;OSASCO;OSASCO;1;100;0;0;96,3;2,87;0,83;89,52;7,61;2,87
2022;OURINHOS;BERNARDINO DE CAMPOS;1;0;0;0;98,63;1,37;0;97,23;2,77;0
2022;OURINHOS;CAMPOS NOVOS PAULISTA;1;0;0;0;99,57;0,43;0;94,24;2,16;3,6
2022;OURINHOS;CANITAR;1;0;0;0;0;0;0;100;0;0
2022;OURINHOS;CHAVANTES;1;0;0;0;98,39;1,15;0,46;93,11;2,55;4,34
2022;OURINHOS;ESPIRITO SANTO DO TURVO;1;0;0;0;99,19;0,81;0;96,2;3,8;0
2022;OURINHOS;IBIRAREMA;1;0;0;0;97,72;2,28;0;84,8;15,2;0
2022;OURINHOS;IPAUSSU;1;0;0;0;0;0;0;97,3;2,7;0
2022;OURINHOS;OURINHOS;1;98,87;1,13;0;98,32;0,75;0,93;93,5;5,47;1,03
2022;OURINHOS;RIBEIRAO DO SUL;1;0;0;0;99,11;0,45;0,44;97,5;2,5;0
2022;OURINHOS;SALTO GRANDE;1;0;0;0;99,08;0,92;0;92,02;7,98;0
2022;OURINHOS;SANTA CRUZ DO RIO PARDO;1;100;0;0;98,05;1,01;0,94;93,39;5;1,61
2022;OURINHOS;SAO PEDRO DO TURVO;1;0;0;0;93,51;4,81;1,68;91,94;3,23;4,83
2022;PENAPOLIS;ALTO ALEGRE;1;0;0;0;100;0;0;100;0;0
2022;PENAPOLIS;AVANHANDAVA;1;0;0;0;99,03;0,97;0;99,34;0,66;0
2022;PENAPOLIS;BARBOSA;1;0;0;0;97,59;2,41;0;95,71;4,29;0
2022;PENAPOLIS;BRAUNA;1;100;0;0;98,11;1,89;0;99,19;0,81;0
2022;PENAPOLIS;CLEMENTINA;1;0;0;0;100;0;0;99,61;0,39;0
2022;PENAPOLIS;LUIZIANIA;1;0;0;0;100;0;0;100;0;0
2022;PENAPOLIS;PENAPOLIS;1;100;0;0;98,86;1,1;0,04;96,37;3,12;0,51
2022;PENAPOLIS;SANTOPOLIS DO AGUAPEI;1;0;0;0;99,45;0,55;0;98,15;0;1,85
2022;PINDAMONHANGABA;CAMPOS DO JORDAO;1;0;0;0;0;0;0;81,11;13,11;5,78
2022;PINDAMONHANGABA;PINDAMONHANGABA;1;0;0;0;99,36;0,51;0,13;96,09;3,4;0,51
2022;PINDAMONHANGABA;SANTO ANTONIO DO PINHAL;1;0;0;0;0;0;0;98,58;1,42;0
2022;PINDAMONHANGABA;SAO BENTO DO SAPUCAI;1;0;0;0;100;0;0;100;0;0
2022;PINDAMONHANGABA;TREMEMBE;1;0;0;0;0;0;0;99,81;0,19;0
2022;PIRACICABA;AGUAS DE SAO PEDRO;1;0;0;0;0;0;0;99,07;0,93;0
2022;PIRACICABA;CHARQUEADA;1;0;0;0;97,98;0,86;1,16;95,19;1,09;3,72
2022;PIRACICABA;PIRACICABA;1;99,83;0,17;0;98,88;0,62;0,5;96,08;1,6;2,32
2022;PIRACICABA;SALTINHO;1;0;0;0;100;0;0;100;0;0
2022;PIRACICABA;SANTA MARIA DA SERRA;1;0;0;0;99,38;0;0,62;97,72;2,28;0
2022;PIRACICABA;SAO PEDRO;1;0;0;0;91,82;0;8,18;98,43;1,57;0
2022;PIRAJU;FARTURA;1;0;0;0;98,58;1,42;0;96,09;3,91;0
2022;PIRAJU;MANDURI;1;0;0;0;99,57;0,43;0;99,58;0,42;0
2022;PIRAJU;OLEO;1;0;0;0;100;0;0;100;0;0
2022;PIRAJU;PIRAJU;1;0;0;0;98,53;1,03;0,44;95,11;2,93;1,96
2022;PIRAJU;SARUTAIA;1;0;0;0;96,15;0;3,85;90,48;3,4;6,12
2022;PIRAJU;TAGUAI;1;0;0;0;98,95;1,05;0;97,99;2,01;0
2022;PIRAJU;TEJUPA;1;0;0;0;98,97;0,52;0,51;89,66;4,83;5,51
2022;PIRAJU;TIMBURI;1;0;0;0;99,27;0,73;0;92,42;1,52;6,06
2022;PIRASSUNUNGA;ANALANDIA;1;0;0;0;0;0;0;92,92;5,31;1,77
2022;PIRASSUNUNGA;ARARAS;1;99,6;0,31;0,09;98;1,36;0,64;93,02;4,53;2,45
2022;PIRASSUNUNGA;LEME;1;0;0;0;99,29;0,54;0,17;97,1;1,05;1,85
2022;PIRASSUNUNGA;PIRASSUNUNGA;1;0;0;0;98,82;0,81;0,37;88,45;10,85;0,7
2022;PIRASSUNUNGA;PORTO FERREIRA;1;0;0;0;92,97;6,72;0,31;90,93;8,81;0,26
2022;PIRASSUNUNGA;SANTA CRUZ DA CONCEICAO;1;0;0;0;98,94;0;1,06;95,61;0;4,39
2022;PIRASSUNUNGA;SANTA CRUZ DAS PALMEIRAS;1;0;0;0;97,77;2,23;0;91,48;3,46;5,06
2022;PIRASSUNUNGA;SANTA RITA DO PASSA QUATRO;1;0;0;0;95,33;4,67;0;90,2;9,8;0
2022;PRESIDENTE PRUDENTE;ALFREDO MARCONDES;1;96,6;3,4;0;97,77;1,68;0,55;97,25;0;2,75
2022;PRESIDENTE PRUDENTE;ALVARES MACHADO;1;0;0;0;0;0;0;89,96;2,15;7,89
2022;PRESIDENTE PRUDENTE;ANHUMAS;1;0;0;0;98,41;0,53;1,06;94,38;1,12;4,5
2022;PRESIDENTE PRUDENTE;CAIABU;1;0;0;0;98,31;0,56;1,13;93,41;3,3;3,29
2022;PRESIDENTE PRUDENTE;INDIANA;1;0;0;0;96,19;3,81;0;87,6;11,57;0,83
2022;PRESIDENTE PRUDENTE;MARTINOPOLIS;1;0;0;0;98,69;0,66;0,65;92,82;4,31;2,87
2022;PRESIDENTE PRUDENTE;PIRAPOZINHO;1;0;0;0;96,18;3,08;0,74;87,81;9,88;2,31
2022;PRESIDENTE PRUDENTE;PRESIDENTE PRUDENTE;1;0;0;0;96,61;3,05;0,34;89,91;9,13;0,96
2022;PRESIDENTE PRUDENTE;REGENTE FEIJO;1;0;0;0;97,07;2,93;0;92,89;7,11;0
2022;PRESIDENTE PRUDENTE;SANTO EXPEDITO;1;0;0;0;97,86;0;2,14;100;0;0
2022;PRESIDENTE PRUDENTE;TACIBA;1;0;0;0;96,85;3,15;0;87,93;11,49;0,58
2022;REGISTRO;BARRA DO TURVO;1;0;0;0;99,2;0,2;0,6;96,52;2,79;0,69
2022;REGISTRO;CAJATI;1;0;0;0;98,25;1,05;0,7;93,67;4,75;1,58
2022;REGISTRO;CANANEIA;1;100;0;0;91,99;6,01;2;84,27;8,49;7,24
2022;REGISTRO;ELDORADO;1;100;0;0;98,48;1,52;0;95,04;3,66;1,3
2022;REGISTRO;JACUPIRANGA;1;0;0;0;99,67;0,33;0;94,23;0;5,77
2022;REGISTRO;PARIQUERA-ACU;1;100;0;0;97,4;2,6;0;89,16;9,62;1,22
2022;REGISTRO;REGISTRO;1;100;0;0;98,33;1,21;0,46;95,67;3,25;1,08
2022;REGISTRO;SETE BARRAS;1;77,78;22,22;0;95,27;4,59;0,14;88,94;10,65;0,41
2022;RIBEIRAO PRETO;ALTINOPOLIS;1;0;0;0;97,29;0;2,71;88;3,53;8,47
2022;RIBEIRAO PRETO;BATATAIS;1;99,86;0;0,14;97,93;0,95;1,12;87,51;9,52;2,97
2022;RIBEIRAO PRETO;BRODOWSKI;1;0;0;0;97,85;0,86;1,29;92,22;4,55;3,23
2022;RIBEIRAO PRETO;CAJURU;1;0;0;0;96,23;2,83;0,94;90,68;5,42;3,9
2022;RIBEIRAO PRETO;CASSIA DOS COQUEIROS;1;0;0;0;0;0;0;100;0;0
2022;RIBEIRAO PRETO;CRAVINHOS;1;0;0;0;92,96;4,78;2,26;83,29;15,4;1,31
2022;RIBEIRAO PRETO;LUIS ANTONIO;1;0;0;0;0;0;0;83,55;9,16;7,29
2022;RIBEIRAO PRETO;RIBEIRAO PRETO;1;98,3;1,21;0,49;92,38;5,49;2,13;81,5;12,32;6,18
2022;RIBEIRAO PRETO;SANTA CRUZ DA ESPERANCA;1;0;0;0;0;0;0;98,8;1,2;0
2022;RIBEIRAO PRETO;SANTA ROSA DE VITERBO;1;0;0;0;98,29;1,71;0;93,7;6,3;0
2022;RIBEIRAO PRETO;SANTO ANTONIO DA ALEGRIA;1;0;0;0;0;0;0;97,28;2,72;0
2022;RIBEIRAO PRETO;SAO SIMAO;1;100;0;0;98,05;0,97;0,98;89,88;1,23;8,89
2022;RIBEIRAO PRETO;SERRA AZUL;1;0;0;0;92,44;5,17;2,39;81,68;10,81;7,51
2022;RIBEIRAO PRETO;SERRANA;1;0;0;0;89,16;6,08;4,76;85,22;8,8;5,98
2022;SANTO ANASTACIO;CAIUA;1;0;0;0;100;0;0;98,17;0,92;0,91
2022;SANTO ANASTACIO;EMILIANOPOLIS;1;0;0;0;0;0;0;97,8;2,2;0
2022;SANTO ANASTACIO;MARABA PAULISTA;1;0;0;0;100;0;0;100;0;0
2022;SANTO ANASTACIO;PIQUEROBI;1;0;0;0;98,7;0,65;0,65;88,37;3,49;8,14
2022;SANTO ANASTACIO;PRESIDENTE BERNARDES;1;0;0;0;100;0;0;94,08;5,23;0,69
2022;SANTO ANASTACIO;PRESIDENTE EPITACIO;1;99,71;0,29;0;98,76;0,91;0,33;90,21;6,27;3,52
2022;SANTO ANASTACIO;PRESIDENTE VENCESLAU;1;0;0;0;96,99;2,41;0,6;75,17;11,17;13,66
2022;SANTO ANASTACIO;RIBEIRAO DOS INDIOS;1;0;0;0;94,74;5,26;0;91,84;8,16;0
2022;SANTO ANASTACIO;SANTO ANASTACIO;1;0;0;0;91,81;8,19;0;81,71;18,29;0
2022;SANTO ANDRE;SANTO ANDRE;1;98,65;1,26;0,09;96,97;2,78;0,25;91,58;7,51;0,91
2022;SANTOS;BERTIOGA;1;0;0;0;96;2,56;1,44;93,22;4,06;2,72
2022;SANTOS;CUBATAO;1;99,65;0;0,35;98,39;0,58;1,03;93,86;3,44;2,7
2022;SANTOS;GUARUJA;1;99,61;0,23;0,16;98,36;0,25;1,39;95,1;1,48;3,42
2022;SANTOS;SANTOS;1;100;0;0;99,37;0,35;0,28;97,75;1,84;0,41
2022;SAO BERNARDO DO CAMPO;SAO BERNARDO DO CAMPO;1;68;0;32;96,64;2,81;0,55;89,31;9,32;1,37
2022;SAO BERNARDO DO CAMPO;SAO CAETANO DO SUL;1;0;0;0;99,35;0,65;0;88,26;11,41;0,33
2022;SAO CARLOS;CORUMBATAI;1;0;0;0;0;0;0;99,25;0,75;0
2022;SAO CARLOS;DESCALVADO;1;0;0;0;0;0;0;97,24;0,39;2,37
2022;SAO CARLOS;DOURADO;1;0;0;0;0;0;0;99,51;0,49;0
2022;SAO CARLOS;IBATE;1;0;0;0;99,51;0,49;0;96,84;3,16;0
2022;SAO CARLOS;ITIRAPINA;1;0;0;0;99,74;0,26;0;96,3;3,7;0
2022;SAO CARLOS;RIBEIRAO BONITO;1;0;0;0;0;0;0;94,35;0,3;5,35
2022;SAO CARLOS;SAO CARLOS;1;99,92;0,08;0;99,24;0,66;0,1;97,61;2,31;0,08
2022;SAO JOAO DA BOA VISTA;AGUAI;1;100;0;0;97,94;1,97;0,09;88,02;9,84;2,14
2022;SAO JOAO DA BOA VISTA;AGUAS DA PRATA;1;0;0;0;94,7;5,3;0;92,91;7,09;0
2022;SAO JOAO DA BOA VISTA;CACONDE;1;97,73;2,27;0;98,32;0,78;0,9;95,03;1,99;2,98
2022;SAO JOAO DA BOA VISTA;CASA BRANCA;1;0;0;0;94,41;2,75;2,84;86,33;7,55;6,12
2022;SAO JOAO DA BOA VISTA;DIVINOLANDIA;1;0;0;0;96;0;4;87,54;1,78;10,68
2022;SAO JOAO DA BOA VISTA;ESPIRITO SANTO DO PINHAL;1;99,64;0,36;0;96,19;2,82;0,99;86,96;9,55;3,49
2022;SAO JOAO DA BOA VISTA;ITOBI;1;100;0;0;94,72;4,95;0,33;85,57;11,86;2,57
2022;SAO JOAO DA BOA VISTA;MOCOCA;1;99,83;0,17;0;97,97;2,03;0;91,57;7,6;0,83
2022;SAO JOAO DA BOA VISTA;SANTO ANTONIO DO JARDIM;1;100;0;0;97,63;2,37;0;97,4;2,6;0
2022;SAO JOAO DA BOA VISTA;SAO JOAO DA BOA VISTA;1;0;0;0;97,4;1,92;0,68;94,02;4,43;1,55
2022;SAO JOAO DA BOA VISTA;SAO JOSE DO RIO PARDO;1;99,69;0,31;0;98,46;0,51;1,03;84,1;10,56;5,34
2022;SAO JOAO DA BOA VISTA;SAO SEBASTIAO DA GRAMA;1;0;0;0;96,5;1,97;1,53;86,4;7,35;6,25
2022;SAO JOAO DA BOA VISTA;TAMBAU;1;0;0;0;98,31;0,97;0,72;95,8;3,83;0,37
2022;SAO JOAO DA BOA VISTA;TAPIRATIBA;1;0;0;0;95,93;4,07;0;89,04;10,96;0
2022;SAO JOAO DA BOA VISTA;VARGEM GRANDE DO SUL;1;0;0;0;94,01;5,08;0,91;76,91;18,97;4,12
2022;SAO JOAQUIM DA BARRA;ARAMINA;1;0;0;0;99,67;0,33;0;96,53;3,47;0
2022;SAO JOAQUIM DA BARRA;BURITIZAL;1;0;0;0;0;0;0;100;0;0
2022;SAO JOAQUIM DA BARRA;GUARA;1;0;0;0;0;0;0;96,36;0,21;3,43
2022;SAO JOAQUIM DA BARRA;IGARAPAVA;1;0;0;0;0;0;0;75,31;24,07;0,62
2022;SAO JOAQUIM DA BARRA;IPUA;1;0;0;0;0;0;0;100;0;0
2022;SAO JOAQUIM DA BARRA;ITUVERAVA;1;0;0;0;0;0;0;94,89;5,11;0
2022;SAO JOAQUIM DA BARRA;MIGUELOPOLIS;1;0;0;0;0;0;0;99,16;0,84;0
2022;SAO JOAQUIM DA BARRA;MORRO AGUDO;1;0;0;0;99,82;0,18;0;99,83;0,17;0
2022;SAO JOAQUIM DA BARRA;NUPORANGA;1;0;0;0;0;0;0;99,46;0,54;0
2022;SAO JOAQUIM DA BARRA;ORLANDIA;1;0;0;0;0;0;0;92,53;6,01;1,46
2022;SAO JOAQUIM DA BARRA;SALES OLIVEIRA;1;0;0;0;99,05;0,95;0;98,29;1,71;0
2022;SAO JOAQUIM DA BARRA;SAO JOAQUIM DA BARRA;1;99,73;0,27;0;98,4;0,85;0,75;91,35;3,56;5,09
2022;SAO JOSE DO RIO PRETO;BADY BASSITT;1;0;0;0;99,15;0,85;0;95,13;4,56;0,31
2022;SAO JOSE DO RIO PRETO;CEDRAL;1;0;0;0;0;0;0;97,47;2,53;0
2022;SAO JOSE DO RIO PRETO;GUAPIACU;1;0;0;0;0;0;0;86,91;5,01;8,08
2022;SAO JOSE DO RIO PRETO;IBIRA;1;0;0;0;0;0;0;85,41;14,59;0
2022;SAO JOSE DO RIO PRETO;ICEM;1;0;0;0;0;0;0;98,47;1,53;0
2022;SAO JOSE DO RIO PRETO;IPIGUA;1;0;0;0;95,2;4,8;0;85,13;14,87;0
2022;SAO JOSE DO RIO PRETO;MIRASSOLANDIA;1;0;0;0;96,05;3,95;0;91,6;8,4;0
2022;SAO JOSE DO RIO PRETO;NOVA GRANADA;1;0;0;0;98,87;1,13;0;95,89;4,11;0
2022;SAO JOSE DO RIO PRETO;ONDA VERDE;1;0;0;0;95,77;4,23;0;97,42;2,58;0
2022;SAO JOSE DO RIO PRETO;ORINDIUVA;1;0;0;0;0;0;0;99,12;0,88;0
2022;SAO JOSE DO RIO PRETO;PALESTINA;1;0;0;0;0;0;0;97,64;2,03;0,33
2022;SAO JOSE DO RIO PRETO;POTIRENDABA;1;0;0;0;0;0;0;93,13;6,87;0
2022;SAO JOSE DO RIO PRETO;SAO JOSE DO RIO PRETO;1;100;0;0;97,73;2,01;0,26;91,84;5,98;2,18
2022;SAO JOSE DO RIO PRETO;UCHOA;1;0;0;0;0;0;0;77,64;12,24;10,12
2022;SAO JOSE DOS CAMPOS;MONTEIRO LOBATO;1;0;0;0;95,78;2,95;1,27;85,11;5,67;9,22
2022;SAO JOSE DOS CAMPOS;SAO JOSE DOS CAMPOS;1;99,47;0,41;0,12;96,96;2,64;0,4;91,47;7,51;1,02
2022;SAO ROQUE;ALUMINIO;1;0;0;0;0;0;0;97,72;2,28;0
2022;SAO ROQUE;ARACARIGUAMA;1;0;0;0;0;0;0;90,37;9,51;0,12
2022;SAO ROQUE;IBIUNA;1;0;0;0;99,18;0,7;0,12;96,35;2,45;1,2
2022;SAO ROQUE;MAIRINQUE;1;0;0;0;0;0;0;94,28;4,42;1,3
2022;SAO ROQUE;SAO ROQUE;1;0;0;0;0;0;0;95,22;3,57;1,21
2022;SAO ROQUE;VARGEM GRANDE PAULISTA;1;0;0;0;98,12;1,77;0,11;94,56;4,58;0,86
2022;SAO VICENTE;ITANHAEM;1;100;0;0;96,63;3,2;0,17;90,63;8,59;0,78
2022;SAO VICENTE;MONGAGUA;1;91,07;8,93;0;90,16;9,84;0;92,27;7,63;0,1
2022;SAO VICENTE;PERUIBE;1;100;0;0;98,02;1,98;0;93,86;5,97;0,17
2022;SAO VICENTE;PRAIA GRANDE;1;100;0;0;94,61;4,75;0,64;91,56;7,64;0,8
2022;SAO VICENTE;SAO VICENTE;1;97,88;2,12;0;96,05;3,48;0,47;90,1;8,73;1,17
2022;SERTAOZINHO;BARRINHA;1;0;0;0;0;0;0;96,02;3,98;0
2022;SERTAOZINHO;DUMONT;1;0;0;0;0;0;0;100;0;0
2022;SERTAOZINHO;JARDINOPOLIS;1;0;0;0;0;0;0;95,6;0,44;3,96
2022;SERTAOZINHO;PITANGUEIRAS;1;0;0;0;97,94;1,59;0,47;96,68;1,28;2,04
2022;SERTAOZINHO;PONTAL;1;0;0;0;99,77;0,23;0;99,07;0,93;0
2022;SERTAOZINHO;SERTAOZINHO;1;100;0;0;99,37;0,47;0,16;97,5;2,2;0,3
2022;SERTAOZINHO;TERRA ROXA;1;0;0;0;0;0;0;97,73;1,36;0,91
2022;SERTAOZINHO;VIRADOURO;1;0;0;0;100;0;0;100;0;0
2022;SOROCABA;SOROCABA;1;99,89;0,09;0,02;98,86;0,71;0,43;94,98;2,81;2,21
2022;SUL 1;SAO PAULO;1;99,57;0,28;0,15;94,81;4,43;0,76;87,57;9,94;2,49
2022;SUL 2;SAO PAULO;1;99,53;0,22;0,25;96,38;2,88;0,74;90,64;7,48;1,88
2022;SUL 3;SAO PAULO;1;98,78;0,89;0,33;93,62;5,45;0,93;86,14;11,89;1,97
2022;SUMARE;HORTOLANDIA;1;100;0;0;98,16;1,19;0,65;95,33;3,87;0,8
2022;SUMARE;PAULINIA;1;0;0;0;95,83;3,93;0,24;89,4;9,73;0,87
2022;SUMARE;SUMARE;1;99,45;0,5;0,05;97,68;2,16;0,16;93,79;5,29;0,92
2022;SUZANO;FERRAZ DE VASCONCELOS;1;0;0;0;96,94;2,09;0,97;91,67;4,87;3,46
2022;SUZANO;SUZANO;1;99,49;0,37;0,14;97,65;1,65;0,7;91,14;6,43;2,43
2022;TABOAO DA SERRA;EMBU DAS ARTES;1;99,98;0;0,02;98,41;1;0,59;93,7;4,46;1,84
2022;TABOAO DA SERRA;TABOAO DA SERRA;1;99,24;0,19;0,57;97,98;1,49;0,53;94,32;4,07;1,61
2022;TAQUARITINGA;BORBOREMA;1;100;0;0;99,35;0,65;0;99,16;0,84;0
2022;TAQUARITINGA;CANDIDO RODRIGUES;1;0;0;0;0;0;0;100;0;0
2022;TAQUARITINGA;DOBRADA;1;99,79;0,21;0;100;0;0;100;0;0
2022;TAQUARITINGA;FERNANDO PRESTES;1;0;0;0;0;0;0;99,44;0,56;0
2022;TAQUARITINGA;IBITINGA;1;99,86;0,14;0;99,92;0,08;0;96,87;3,13;0
2022;TAQUARITINGA;ITAPOLIS;1;100;0;0;99,92;0,08;0;98,93;1,07;0
2022;TAQUARITINGA;PIRANGI;1;0;0;0;100;0;0;100;0;0
2022;TAQUARITINGA;SANTA ERNESTINA;1;0;0;0;100;0;0;100;0;0
2022;TAQUARITINGA;TABATINGA;1;100;0;0;100;0;0;99,78;0,22;0
2022;TAQUARITINGA;TAQUARITINGA;1;0;0;0;99,69;0,31;0;98,71;1,2;0,09
2022;TAQUARITINGA;VISTA ALEGRE DO ALTO;1;0;0;0;100;0;0;100;0;0
2022;TAUBATE;CACAPAVA;1;0;0;0;97,65;1,54;0,81;94,62;3,15;2,23
2022;TAUBATE;JAMBEIRO;1;0;0;0;0;0;0;98,12;1,88;0
2022;TAUBATE;LAGOINHA;1;0;0;0;98,92;0,36;0,72;98,31;1,69;0
2022;TAUBATE;NATIVIDADE DA SERRA;1;0;0;0;99,24;0,76;0;90,57;1,26;8,17
2022;TAUBATE;PARAIBUNA;1;0;0;0;98;1,33;0,67;90,81;4,68;4,51
2022;TAUBATE;REDENCAO DA SERRA;1;0;0;0;96,54;3,46;0;94,48;5,52;0
2022;TAUBATE;SAO LUIZ DO PARAITINGA;1;0;0;0;0;0;0;97,02;0,89;2,09
2022;TAUBATE;TAUBATE;1;100;0;0;99,22;0;0,78;95,61;3,47;0,92
2022;TUPA;ARCO-IRIS;1;100;0;0;100;0;0;96,36;1,82;1,82
2022;TUPA;BASTOS;1;99,89;0,11;0;99,6;0,4;0;97,37;1,64;0,99
2022;TUPA;HERCULANDIA;1;0;0;0;99,1;0,9;0;89,56;10,44;0
2022;TUPA;IACRI;1;99,65;0,35;0;98,15;1,85;0;97,96;2,04;0
2022;TUPA;JOAO RAMALHO;1;0;0;0;99,6;0,4;0;93,94;5,05;1,01
2022;TUPA;PARAPUA;1;0;0;0;99,75;0,25;0;95,77;3,76;0,47
2022;TUPA;QUATA;1;0;0;0;98,79;1,21;0;85,88;14,12;0
2022;TUPA;QUEIROZ;1;0;0;0;100;0;0;100;0;0
2022;TUPA;QUINTANA;1;0;0;0;99,37;0,32;0,31;97,44;0;2,56
2022;TUPA;RANCHARIA;1;100;0;0;99,35;0,65;0;93,85;6,15;0
2022;TUPA;RINOPOLIS;1;100;0;0;98,98;1,02;0;97,34;2,66;0
2022;TUPA;TUPA;1;99,43;0,57;0;97,62;1,77;0,61;95,17;3,68;1,15
2022;VOTORANTIM;ARACOIABA DA SERRA;1;0;0;0;0;0;0;95,56;1,15;3,29
2022;VOTORANTIM;CAPELA DO ALTO;1;0;0;0;0;0;0;91,95;0;8,05
2022;VOTORANTIM;PIEDADE;1;0;0;0;98,49;0,68;0,83;96,04;2,17;1,79
2022;VOTORANTIM;PILAR DO SUL;1;0;0;0;99,2;0,22;0,58;97,82;0,87;1,31
2022;VOTORANTIM;SALTO DE PIRAPORA;1;100;0;0;97,99;0,29;1,72;93,38;3,23;3,39
2022;VOTORANTIM;TAPIRAI;1;0;0;0;99,6;0,4;0;98,26;1,74;0
2022;VOTORANTIM;VOTORANTIM;1;0;0;0;98,33;0,62;1,05;93;1,84;5,16
2022;VOTUPORANGA;ALVARES FLORENCE;1;0;0;0;98,94;0;1,06;97,75;0;2,25
2022;VOTUPORANGA;AMERICO DE CAMPOS;1;0;0;0;100;0;0;100;0;0
2022;VOTUPORANGA;CARDOSO;1;100;0;0;98,6;1,4;0;97,54;2,46;0
2022;VOTUPORANGA;COSMORAMA;1;0;0;0;100;0;0;97,42;2,58;0
2022;VOTUPORANGA;FLOREAL;1;0;0;0;100;0;0;100;0;0
2022;VOTUPORANGA;GASTAO VIDIGAL;1;100;0;0;98,93;1,07;0;98;2;0
2022;VOTUPORANGA;MACAUBAL;1;0;0;0;99,34;0,66;0;94,66;4,37;0,97
2022;VOTUPORANGA;MONCOES;1;0;0;0;100;0;0;95,24;2,38;2,38
2022;VOTUPORANGA;NHANDEARA;1;100;0;0;99,27;0;0,73;95,77;0;4,23
2022;VOTUPORANGA;NOVA CASTILHO;1;0;0;0;100;0;0;100;0;0
2022;VOTUPORANGA;NOVA LUZITANIA;1;0;0;0;100;0;0;98,86;1,14;0
2022;VOTUPORANGA;PARISI;1;0;0;0;99,32;0,68;0;100;0;0
2022;VOTUPORANGA;PAULO DE FARIA;1;0;0;0;0;0;0;99,56;0,44;0
2022;VOTUPORANGA;PONTES GESTAL;1;0;0;0;100;0;0;97,73;2,27;0
2022;VOTUPORANGA;RIOLANDIA;1;0;0;0;0;0;0;96,69;2,57;0,74
2022;VOTUPORANGA;SEBASTIANOPOLIS DO SUL;1;0;0;0;100;0;0;98,65;1,35;0
2022;VOTUPORANGA;VALENTIM GENTIL;1;0;0;0;100;0;0;100;0;0
2022;VOTUPORANGA;VOTUPORANGA;1;0;0;0;99,4;0,12;0,48;94,23;2,02;3,75
