ANO_LETIVO,NM_DIRETORIA,NM_MUNICIPIO,CD_REDE_ENSINO,APR_1,REP_1,ABA_1,APR_2,REP_2,ABA_2,APR_3,REP_3,ABA_3
2020,ITU,BOITUVA,1,0,0,0,0,0,0,100,0,0
2020,ITU,CABREUVA,1,0,0,0,99.4,0.56,0.04,97.13,2.87,0
2020,ITU,CERQUILHO,1,0,0,0,0,0,0,97.27,2.73,0
2020,ITU,IPERO,1,0,0,0,0,0,0,100,0,0
2020,ITU,ITU,1,0,0,0,98.3,1.7,0,97.82,1.72,0.46
2020,ITU,JUMIRIM,1,0,0,0,0,0,0,98.9,1.1,0
2020,ITU,PORTO FELIZ,1,0,0,0,100,0,0,100,0,0
2020,ITU,SALTO,1,99.89,0.11,0,98.35,1.21,0.44,97.16,1.96,0.88
2020,ITU,TIETE,1,0,0,0,0,0,0,99.88,0,0.12
2020,JABOTICABAL,BEBEDOURO,1,0,0,0,99.71,0,0.29,98.97,0.06,0.97
2020,JABOTICABAL,GUARIBA,1,0,0,0,0,0,0,100,0,0
2020,JABOTICABAL,GUATAPARA,1,0,0,0,0,0,0,100,0,0
2020,JABOTICABAL,JABOTICABAL,1,0,0,0,99.88,0,0.12,98.88,0,1.12
2020,JABOTICABAL,MONTE ALTO,1,0,0,0,99.87,0,0.13,99.53,0,0.47
2020,SAO CARLOS,RIBEIRAO BONITO,1,0,0,0,0,0,0,100,0,0
2020,SAO CARLOS,SAO CARLOS,1,99.97,0,0.03,99.95,0,0.05,99.77,0.04,0.19
2020,SAO JOAO DA BOA VISTA,AGUAI,1,100,0,0,99.9,0.1,0,99.87,0.13,0
2020,SAO JOAO DA BOA VISTA,AGUAS DA PRATA,1,0,0,0,100,0,0,100,0,0
2020,SAO JOAO DA BOA VISTA,CACONDE,1,100,0,0,100,0,0,100,0,0
2020,SAO JOAO DA BOA VISTA,CASA BRANCA,1,0,0,0,98.02,1.98,0,97.27,2.51,0.22
2020,SAO JOAO DA BOA VISTA,DIVINOLANDIA,1,0,0,0,86.77,1.59,11.64,84.85,4.85,10.3
2020,SAO JOAO DA BOA VISTA,ESPIRITO SANTO DO PINHAL,1,99.34,0.66,0,99.4,0.4,0.2,97.66,0.71,1.63
2020,SAO JOAO DA BOA VISTA,ITOBI,1,99.2,0.4,0.4,100,0,0,99.39,0.61,0
2020,SAO JOAO DA BOA VISTA,MOCOCA,1,100,0,0,99.52,0.48,0,98,1.8,0.2
2020,SAO JOAO DA BOA VISTA,SANTO ANTONIO DO JARDIM,1,100,0,0,98.47,1.53,0,94.71,5.29,0
2020,SAO JOAO DA BOA VISTA,SAO JOAO DA BOA VISTA,1,0,0,0,100,0,0,100,0,0
2020,SAO JOAO DA BOA VISTA,SAO JOSE DO RIO PARDO,1,99.68,0.32,0,98.07,1.93,0,97.19,2.81,0
2020,SAO JOAO DA BOA VISTA,SAO SEBASTIAO DA GRAMA,1,0,0,0,98.88,1.12,0,98.78,1.22,0
2020,SAO JOAO DA BOA VISTA,TAMBAU,1,0,0,0,100,0,0,100,0,0
2020,SAO JOAO DA BOA VISTA,TAPIRATIBA,1,0,0,0,100,0,0,99.62,0.38,0
2020,SAO JOAO DA BOA VISTA,VARGEM GRANDE DO SUL,1,0,0,0,99.79,0.21,0,97.13,2.61,0.26
2020,SAO JOAQUIM DA BARRA,ARAMINA,1,0,0,0,92.93,7.07,0,94.44,5.56,0
2020,SAO JOAQUIM DA BARRA,BURITIZAL,1,0,0,0,0,0,0,100,0,0
2020,SAO JOAQUIM DA BARRA,GUARA,1,0,0,0,0,0,0,98.47,0,1.53
2020,SAO JOAQUIM DA BARRA,IGARAPAVA,1,0,0,0,0,0,0,100,0,0
2020,SAO JOAQUIM DA BARRA,IPUA,1,0,0,0,0,0,0,100,0,0
2020,SAO JOAQUIM DA BARRA,ITUVERAVA,1,0,0,0,0,0,0,92.45,7.55,0
2020,SAO JOAQUIM DA BARRA,MIGUELOPOLIS,1,0,0,0,0,0,0,99.41,0.59,0
2020,SAO JOAQUIM DA BARRA,MORRO AGUDO,1,0,0,0,99.65,0.35,0,100,0,0
2020,SAO JOAQUIM DA BARRA,NUPORANGA,1,0,0,0,0,0,0,96.2,0,3.8
2020,SAO JOAQUIM DA BARRA,ORLANDIA,1,0,0,0,0,0,0,96.67,3.33,0
2020,SAO JOAQUIM DA BARRA,SALES OLIVEIRA,1,0,0,0,98.26,1.74,0,97.38,2.62,0
2020,SAO JOAQUIM DA BARRA,SAO JOAQUIM DA BARRA,1,99.87,0.13,0,98.53,1.47,0,98.42,1.58,0
2020,SAO JOSE DO RIO PRETO,BADY BASSITT,1,0,0,0,99.69,0.31,0,99.82,0.18,0
2020,SAO JOSE DO RIO PRETO,CEDRAL,1,0,0,0,0,0,0,100,0,0
2020,SAO JOSE DO RIO PRETO,GUAPIACU,1,0,0,0,0,0,0,93.45,6.55,0
2020,SAO JOSE DO RIO PRETO,IBIRA,1,0,0,0,0,0,0,99.67,0,0.33
2020,SAO JOSE DO RIO PRETO,ICEM,1,0,0,0,0,0,0,100,0,0
2020,SAO JOSE DO RIO PRETO,IPIGUA,1,0,0,0,100,0,0,100,0,0
2020,SAO JOSE DO RIO PRETO,MIRASSOLANDIA,1,0,0,0,100,0,0,100,0,0
2020,SAO JOSE DO RIO PRETO,NOVA GRANADA,1,0,0,0,99.66,0.34,0,91.01,8.62,0.37
2020,SAO JOSE DO RIO PRETO,ONDA VERDE,1,0,0,0,98.62,1.38,0,99.39,0.61,0
2020,SAO JOSE DO RIO PRETO,ORINDIUVA,1,0,0,0,0,0,0,99.47,0.53,0
2020,SAO JOSE DO RIO PRETO,PALESTINA,1,0,0,0,0,0,0,95.24,4.76,0
2020,SAO JOSE DO RIO PRETO,POTIRENDABA,1,0,0,0,0,0,0,90.97,9.03,0
2020,SAO JOSE DO RIO PRETO,SAO JOSE DO RIO PRETO,1,0,0,0,99.46,0.54,0,98.84,1.04,0.12
2020,SAO JOSE DO RIO PRETO,UCHOA,1,0,0,0,0,0,0,91.27,8.73,0
2020,SAO JOSE DOS CAMPOS,MONTEIRO LOBATO,1,0,0,0,100,0,0,96.21,3.79,0
2020,SAO JOSE DOS CAMPOS,SAO JOSE DOS CAMPOS,1,99.18,0.54,0.28,98.57,0.95,0.48,97.17,2.28,0.55
2020,SAO ROQUE,ALUMINIO,1,0,0,0,0,0,0,99.8,0.2,0
2020,SAO ROQUE,ARACARIGUAMA,1,0,0,0,0,0,0,100,0,0
2020,SAO ROQUE,IBIUNA,1,100,0,0,99.39,0.59,0.02,97.55,2.45,0
2020,SAO ROQUE,MAIRINQUE,1,0,0,0,0,0,0,97.12,2.88,0
2020,SAO ROQUE,SAO ROQUE,1,0,0,0,0,0,0,97.67,2.33,0
2020,SAO ROQUE,VARGEM GRANDE PAULISTA,1,0,0,0,99.56,0.44,0,99.01,0.99,0
2020,SAO VICENTE,ITANHAEM,1,100,0,0,100,0,0,99.89,0.11,0
2020,SAO VICENTE,MONGAGUA,1,100,0,0,100,0,0,99.78,0.22,0
2020,SAO VICENTE,PERUIBE,1,97.44,2.56,0,99.54,0.43,0.03,99.52,0.48,0
2020,SAO VICENTE,PRAIA GRANDE,1,100,0,0,96.3,3.69,0.01,97.15,2.83,0.02
2020,SAO VICENTE,SAO VICENTE,1,98.59,1.41,0,95.98,1.36,2.66,94.63,1.91,3.46
2020,SERTAOZINHO,BARRINHA,1,0,0,0,0,0,0,97.21,2.79,0
2020,SERTAOZINHO,DUMONT,1,0,0,0,0,0,0,100,0,0
2020,SERTAOZINHO,JARDINOPOLIS,1,0,0,0,0,0,0,96.14,3.86,0
2020,SERTAOZINHO,PITANGUEIRAS,1,0,0,0,100,0,0,99.65,0.35,0
2020,SERTAOZINHO,PONTAL,1,0,0,0,99.92,0.08,0,99.66,0.34,0
2020,SERTAOZINHO,SERTAOZINHO,1,100,0,0,98.09,1.91,0,96.93,3.07,0
2020,SERTAOZINHO,TERRA ROXA,1,0,0,0,0,0,0,98.28,1.72,0
2020,JABOTICABAL,MONTE AZUL PAULISTA,1,0,0,0,100,0,0,100,0,0
2020,JABOTICABAL,PRADOPOLIS,1,0,0,0,0,0,0,97.11,0,2.89
2020,JABOTICABAL,TAIACU,1,0,0,0,99.24,0,0.76,100,0,0
2020,JABOTICABAL,TAIUVA,1,0,0,0,100,0,0,100,0,0
2020,JABOTICABAL,TAQUARAL,1,0,0,0,100,0,0,100,0,0
2020,JACAREI,ARUJA,1,100,0,0,99.6,0.4,0,96.59,3.23,0.18
2020,JACAREI,GUARAREMA,1,0,0,0,100,0,0,99.92,0,0.08
2020,JACAREI,IGARATA,1,0,0,0,100,0,0,95.4,4.6,0
2020,JACAREI,JACAREI,1,100,0,0,99.35,0.61,0.04,98.48,1.38,0.14
2020,JACAREI,SANTA BRANCA,1,0,0,0,0,0,0,85.57,10.82,3.61
2020,JACAREI,SANTA ISABEL,1,0,0,0,99.6,0.4,0,99.44,0.5,0.06
2020,JALES,APARECIDA D'OESTE,1,0,0,0,100,0,0,100,0,0
2020,JALES,ASPASIA,1,100,0,0,100,0,0,100,0,0
2020,JALES,AURIFLAMA,1,0,0,0,100,0,0,100,0,0
2020,JALES,DIRCE REIS,1,100,0,0,100,0,0,100,0,0
2020,JALES,DOLCINOPOLIS,1,0,0,0,100,0,0,100,0,0
2020,JALES,GUZOLANDIA,1,0,0,0,100,0,0,100,0,0
2020,JALES,JALES,1,0,0,0,100,0,0,100,0,0
2020,JALES,MARINOPOLIS,1,0,0,0,100,0,0,100,0,0
2020,JALES,MESOPOLIS,1,0,0,0,100,0,0,100,0,0
2020,JALES,NOVA CANAA PAULISTA,1,0,0,0,100,0,0,100,0,0
2020,JALES,PALMEIRA D'OESTE,1,0,0,0,100,0,0,100,0,0
2020,JALES,PARANAPUA,1,0,0,0,100,0,0,100,0,0
2020,JALES,PONTALINDA,1,0,0,0,99.6,0.4,0,100,0,0
2020,JALES,RUBINEIA,1,0,0,0,100,0,0,99.09,0.91,0
2020,JALES,SANTA ALBERTINA,1,0,0,0,100,0,0,99.38,0.62,0
2020,JALES,SANTA CLARA D'OESTE,1,0,0,0,99.13,0.87,0,96.97,3.03,0
2020,JALES,SANTA FE DO SUL,1,0,0,0,0,0,0,96.35,3.65,0
2020,JALES,SANTA RITA D'OESTE,1,0,0,0,100,0,0,100,0,0
2020,JALES,SANTA SALETE,1,100,0,0,100,0,0,100,0,0
2020,JALES,SANTANA DA PONTE PENSA,1,100,0,0,100,0,0,100,0,0
2020,JALES,SAO FRANCISCO,1,100,0,0,100,0,0,100,0,0
2020,JALES,SUZANAPOLIS,1,0,0,0,100,0,0,100,0,0
2020,JALES,TRES FRONTEIRAS,1,0,0,0,98.79,1.21,0,98.86,1.14,0
2020,JALES,URANIA,1,100,0,0,100,0,0,100,0,0
2020,JALES,VITORIA BRASIL,1,0,0,0,100,0,0,100,0,0
2020,JAU,BARIRI,1,0,0,0,99.62,0.38,0,96.3,2.96,0.74
2020,JAU,BARRA BONITA,1,0,0,0,100,0,0,100,0,0
2020,JAU,BOCAINA,1,0,0,0,97.93,2.07,0,93.77,5.34,0.89
2020,JAU,BORACEIA,1,0,0,0,99.31,0,0.69,100,0,0
2020,JAU,BOREBI,1,0,0,0,0,0,0,100,0,0
2020,JAU,BROTAS,1,0,0,0,100,0,0,100,0,0
2020,JAU,DOIS CORREGOS,1,0,0,0,100,0,0,100,0,0
2020,JAU,IGARACU DO TIETE,1,0,0,0,98.59,1.41,0,99.61,0.39,0
2020,JAU,ITAJU,1,0,0,0,97.41,2.59,0,98.29,1.71,0
2020,JAU,ITAPUI,1,0,0,0,100,0,0,100,0,0
2020,JAU,JAU,1,0,0,0,99.54,0.46,0,99.85,0.15,0
2020,JAU,MACATUBA,1,0,0,0,100,0,0,100,0,0
2020,JAU,MINEIROS DO TIETE,1,0,0,0,100,0,0,100,0,0
2020,JAU,PEDERNEIRAS,1,0,0,0,99.69,0.26,0.05,98.85,1.07,0.08
2020,JAU,TORRINHA,1,100,0,0,100,0,0,100,0,0
2020,JOSE BONIFACIO,ADOLFO,1,0,0,0,0,0,0,100,0,0
2020,JOSE BONIFACIO,BALSAMO,1,0,0,0,100,0,0,100,0,0
2020,JOSE BONIFACIO,IRAPUA,1,0,0,0,99.44,0,0.56,99.39,0,0.61
2020,JOSE BONIFACIO,JACI,1,0,0,0,100,0,0,100,0,0
2020,JOSE BONIFACIO,JOSE BONIFACIO,1,100,0,0,100,0,0,100,0,0
2020,JOSE BONIFACIO,MENDONCA,1,0,0,0,99.65,0.35,0,95.95,4.05,0
2020,JOSE BONIFACIO,MIRASSOL,1,50,50,0,97.78,2.1,0.12,95.63,4.38,-0.01
2020,JOSE BONIFACIO,MONTE APRAZIVEL,1,0,0,0,100,0,0,100,0,0
2020,JOSE BONIFACIO,NEVES PAULISTA,1,0,0,0,100,0,0,100,0,0
2020,JOSE BONIFACIO,NIPOA,1,0,0,0,100,0,0,100,0,0
2020,JOSE BONIFACIO,NOVA ALIANCA,1,0,0,0,100,0,0,96.2,0,3.8
2020,JOSE BONIFACIO,PLANALTO,1,0,0,0,100,0,0,98.81,0,1.19
2020,JOSE BONIFACIO,POLONI,1,100,0,0,87.79,0,12.21,92.94,0,7.06
2020,JOSE BONIFACIO,SALES,1,0,0,0,100,0,0,100,0,0
2020,JOSE BONIFACIO,TANABI,1,0,0,0,100,0,0,100,0,0
2020,JOSE BONIFACIO,UBARANA,1,0,0,0,0,0,0,91.08,8.92,0
2020,JOSE BONIFACIO,UNIAO PAULISTA,1,100,0,0,100,0,0,100,0,0
2020,JOSE BONIFACIO,URUPES,1,0,0,0,0,0,0,100,0,0
2020,JOSE BONIFACIO,ZACARIAS,1,0,0,0,100,0,0,100,0,0
2020,JUNDIAI,CAMPO LIMPO PAULISTA,1,0,0,0,100,0,0,99.92,0.04,0.04
2020,JUNDIAI,ITATIBA,1,0,0,0,0,0,0,98.77,0.25,0.98
2020,JUNDIAI,ITUPEVA,1,0,0,0,100,0,0,99.75,0,0.25
2020,JUNDIAI,JARINU,1,0,0,0,99.95,0.05,0,100,0,0
2020,JUNDIAI,JUNDIAI,1,0,0,0,99.56,0.41,0.03,99.43,0.54,0.03
2020,JUNDIAI,LOUVEIRA,1,0,0,0,100,0,0,100,0,0
2020,JUNDIAI,VARZEA PAULISTA,1,0,0,0,99.85,0.13,0.02,99.73,0.18,0.09
2020,LESTE 1,SAO PAULO,1,99.09,0.84,0.07,98.75,1.16,0.09,97.29,2.59,0.12
2020,LESTE 2,SAO PAULO,1,99.54,0.23,0.23,98.57,0.97,0.46,96.51,2.06,1.43
2020,LESTE 3,SAO PAULO,1,98.24,0.59,1.17,97.96,1.17,0.87,96.86,2.06,1.08
2020,LESTE 4,SAO PAULO,1,99.59,0.4,0.01,97.77,2.16,0.07,95.63,4.27,0.1
2020,LESTE 5,SAO PAULO,1,99.74,0.23,0.03,97.34,2.59,0.07,95.23,4.66,0.11
2020,LIMEIRA,ARTUR NOGUEIRA,1,0,0,0,99.84,0.16,0,100,0,0
2020,LIMEIRA,CORDEIROPOLIS,1,0,0,0,89.32,10.68,0,89.86,10.14,0
2020,LIMEIRA,COSMOPOLIS,1,0,0,0,100,0,0,99.62,0.38,0
2020,LIMEIRA,ENGENHEIRO COELHO,1,0,0,0,99.27,0.73,0,100,0,0
2020,LIMEIRA,IPEUNA,1,0,0,0,100,0,0,99.59,0.41,0
2020,LIMEIRA,IRACEMAPOLIS,1,0,0,0,99.9,0.1,0,99.86,0.14,0
2020,LIMEIRA,LIMEIRA,1,99.32,0.68,0,99.4,0.59,0.01,99.17,0.8,0.03
2020,LIMEIRA,RIO CLARO,1,100,0,0,99.3,0.7,0,99.03,0.93,0.04
2020,LIMEIRA,SANTA GERTRUDES,1,0,0,0,0,0,0,98.61,0,1.39
2020,LINS,CAFELANDIA,1,100,0,0,100,0,0,99.33,0,0.67
2020,LINS,GETULINA,1,0,0,0,100,0,0,100,0,0
2020,LINS,GUAICARA,1,0,0,0,100,0,0,100,0,0
2020,LINS,GUAIMBE,1,0,0,0,94.46,0,5.54,88.11,0.54,11.35
2020,LINS,GUARANTA,1,0,0,0,98.22,0,1.78,99.25,0,0.75
2020,LINS,LINS,1,99.93,0.04,0.03,99.89,0.11,0,99.4,0.06,0.54
2020,LINS,PONGAI,1,0,0,0,100,0,0,96.49,0,3.51
2020,LINS,PROMISSAO,1,100,0,0,99.77,0,0.23,97.8,0,2.2
2020,LINS,SABINO,1,0,0,0,91.67,0,8.33,90.84,0,9.16
2020,LINS,URU,1,0,0,0,100,0,0,100,0,0
2020,MARILIA,ALVARO DE CARVALHO,1,0,0,0,100,0,0,100,0,0
2020,MARILIA,ALVINLANDIA,1,0,0,0,100,0,0,100,0,0
2020,MARILIA,ECHAPORA,1,0,0,0,100,0,0,100,0,0
2020,MARILIA,FERNAO,1,0,0,0,100,0,0,98.75,1.25,0
2020,MARILIA,GALIA,1,0,0,0,100,0,0,100,0,0
2020,MARILIA,GARCA,1,0,0,0,99.63,0.37,0,99.3,0.7,0
2020,MARILIA,JULIO MESQUITA,1,0,0,0,99.39,0.61,0,99.43,0.57,0
2020,MARILIA,LUPERCIO,1,0,0,0,100,0,0,100,0,0
2020,MARILIA,MARILIA,1,99.14,0.86,0,99.68,0.3,0.02,99.1,0.78,0.12
2020,MARILIA,OCAUCU,1,0,0,0,97.86,2.14,0,98.08,1.92,0
2020,MARILIA,ORIENTE,1,100,0,0,100,0,0,99.22,0.78,0
2020,MARILIA,OSCAR BRESSANE,1,0,0,0,0,0,0,100,0,0
2020,MARILIA,POMPEIA,1,0,0,0,97.44,2.56,0,93.1,6.9,0
2020,MARILIA,VERA CRUZ,1,0,0,0,100,0,0,100,0,0
2020,MAUA,MAUA,1,99.76,0.22,0.02,99.49,0.51,0,98.99,0.97,0.04
2020,MAUA,RIBEIRAO PIRES,1,99.7,0.3,0,99.37,0.54,0.09,98.99,0.91,0.1
2020,MAUA,RIO GRANDE DA SERRA,1,99.35,0.65,0,98.46,1.54,0,98.28,1.72,0
2020,MIRACATU,IGUAPE,1,96.67,3.33,0,99.73,0.27,0,98.71,1.29,0
2020,MIRACATU,ILHA COMPRIDA,1,0,0,0,0,0,0,100,0,0
2020,MIRACATU,ITARIRI,1,100,0,0,100,0,0,100,0,0
2020,MIRACATU,JUQUIA,1,0,0,0,99.65,0.27,0.08,99.72,0.28,0
2020,MIRACATU,MIRACATU,1,100,0,0,99.92,0.08,0,99.6,0.4,0
2020,MIRACATU,PEDRO DE TOLEDO,1,0,0,0,100,0,0,100,0,0
2020,MIRANTE DO PARANAPANEMA,ESTRELA DO NORTE,1,0,0,0,100,0,0,100,0,0
2020,MIRANTE DO PARANAPANEMA,EUCLIDES DA CUNHA PAULISTA,1,0,0,0,100,0,0,100,0,0
2020,OURINHOS,OURINHOS,1,98.68,1.32,0,99.72,0.21,0.07,99.38,0.5,0.12
2020,OURINHOS,RIBEIRAO DO SUL,1,0,0,0,98.76,1.24,0,98.64,1.36,0
2020,OURINHOS,SALTO GRANDE,1,0,0,0,100,0,0,100,0,0
2020,OURINHOS,SANTA CRUZ DO RIO PARDO,1,99.33,0.67,0,98.88,1.12,0,100,0,0
2020,OURINHOS,SAO PEDRO DO TURVO,1,0,0,0,85,15,0,75.63,24.37,0
2020,PENAPOLIS,ALTO ALEGRE,1,0,0,0,100,0,0,100,0,0
2020,PENAPOLIS,AVANHANDAVA,1,0,0,0,98.44,1.56,0,97.91,2.09,0
2020,PENAPOLIS,BARBOSA,1,0,0,0,100,0,0,100,0,0
2020,PENAPOLIS,BRAUNA,1,100,0,0,100,0,0,100,0,0
2020,PENAPOLIS,CLEMENTINA,1,0,0,0,100,0,0,98.97,1.03,0
2020,PENAPOLIS,LUIZIANIA,1,0,0,0,100,0,0,100,0,0
2020,PENAPOLIS,PENAPOLIS,1,100,0,0,99.87,0.13,0,99.51,0.42,0.07
2020,PENAPOLIS,SANTOPOLIS DO AGUAPEI,1,0,0,0,100,0,0,100,0,0
2020,PINDAMONHANGABA,CAMPOS DO JORDAO,1,0,0,0,0,0,0,98.99,1.01,0
2020,PINDAMONHANGABA,PINDAMONHANGABA,1,0,0,0,99.78,0.14,0.08,98.89,0.91,0.2
2020,PINDAMONHANGABA,SANTO ANTONIO DO PINHAL,1,0,0,0,0,0,0,100,0,0
2020,PINDAMONHANGABA,SAO BENTO DO SAPUCAI,1,0,0,0,100,0,0,100,0,0
2020,PINDAMONHANGABA,TREMEMBE,1,0,0,0,0,0,0,99.8,0.2,0
2020,PIRACICABA,AGUAS DE SAO PEDRO,1,0,0,0,0,0,0,99.12,0.88,0
2020,PIRACICABA,CHARQUEADA,1,0,0,0,99.15,0.57,0.28,99.79,0.21,0
2020,PIRACICABA,PIRACICABA,1,99.88,0.12,0,99.22,0.4,0.38,98.86,0.83,0.31
2020,PIRACICABA,SALTINHO,1,0,0,0,100,0,0,100,0,0
2020,PIRACICABA,SANTA MARIA DA SERRA,1,0,0,0,100,0,0,100,0,0
2020,PIRACICABA,SAO PEDRO,1,0,0,0,0,0,0,96.31,3.69,0
2020,PIRAJU,FARTURA,1,0,0,0,99.02,0.98,0,98.06,1.94,0
2020,PIRAJU,MANDURI,1,0,0,0,100,0,0,100,0,0
2020,PIRAJU,OLEO,1,0,0,0,100,0,0,98.65,1.35,0
2020,PIRAJU,PIRAJU,1,0,0,0,99.55,0.45,0,99.01,0.99,0
2020,PIRAJU,SARUTAIA,1,0,0,0,100,0,0,100,0,0
2020,PIRAJU,TAGUAI,1,0,0,0,100,0,0,100,0,0
2020,PIRAJU,TEJUPA,1,0,0,0,100,0,0,99.38,0.63,-0.01
2020,MIRANTE DO PARANAPANEMA,MIRANTE DO PARANAPANEMA,1,100,0,0,100,0,0,99.83,0.17,0
2020,MIRANTE DO PARANAPANEMA,NARANDIBA,1,0,0,0,0,0,0,100,0,0
2020,MIRANTE DO PARANAPANEMA,ROSANA,1,100,0,0,100,0,0,99.82,0,0.18
2020,MIRANTE DO PARANAPANEMA,SANDOVALINA,1,0,0,0,0,0,0,100,0,0
2020,MIRANTE DO PARANAPANEMA,TARABAI,1,0,0,0,0,0,0,99.64,0.36,0
2020,MIRANTE DO PARANAPANEMA,TEODORO SAMPAIO,1,100,0,0,100,0,0,99.66,0.34,0
2020,MOGI DAS CRUZES,BIRITIBA-MIRIM,1,0,0,0,99.93,0,0.07,99.89,0,0.11
2020,MOGI DAS CRUZES,MOGI DAS CRUZES,1,100,0,0,99.27,0.72,0.01,98.17,1.47,0.36
2020,MOGI DAS CRUZES,SALESOPOLIS,1,0,0,0,97.19,2.81,0,92.9,7.1,0
2020,MOGI MIRIM,AGUAS DE LINDOIA,1,100,0,0,97.42,2.58,0,94.4,5.6,0
2020,MOGI MIRIM,AMPARO,1,99.63,0.37,0,98.91,1.05,0.04,99,1,0
2020,MOGI MIRIM,CONCHAL,1,0,0,0,100,0,0,100,0,0
2020,MOGI MIRIM,ESTIVA GERBI,1,0,0,0,0,0,0,96.63,3.37,0
2020,MOGI MIRIM,HOLAMBRA,1,0,0,0,0,0,0,99.29,0.71,0
2020,MOGI MIRIM,ITAPIRA,1,100,0,0,98.93,1.07,0,98.79,1.14,0.07
2020,MOGI MIRIM,LINDOIA,1,0,0,0,0,0,0,100,0,0
2020,MOGI MIRIM,MOGI GUACU,1,0,0,0,96.96,2.94,0.1,95.47,4.27,0.26
2020,MOGI MIRIM,MOGI MIRIM,1,100,0,0,98.99,0.89,0.12,98.48,1.38,0.14
2020,MOGI MIRIM,MONTE ALEGRE DO SUL,1,0,0,0,0,0,0,94.47,1.84,3.69
2020,MOGI MIRIM,PEDREIRA,1,0,0,0,99.89,0.11,0,100,0,0
2020,MOGI MIRIM,SANTO ANTONIO DE POSSE,1,0,0,0,0,0,0,93.54,0,6.46
2020,MOGI MIRIM,SERRA NEGRA,1,100,0,0,99.83,0.08,0.09,99.26,0,0.74
2020,NORTE 1,SAO PAULO,1,99.41,0.56,0.03,98.57,1.32,0.11,95.93,3.81,0.26
2020,NORTE 2,SAO PAULO,1,99.39,0.6,0.01,98.84,0.6,0.56,98.61,1.15,0.24
2020,OSASCO,OSASCO,1,100,0,0,99.58,0.38,0.04,98.97,0.96,0.07
2020,OURINHOS,BERNARDINO DE CAMPOS,1,0,0,0,100,0,0,100,0,0
2020,OURINHOS,CAMPOS NOVOS PAULISTA,1,0,0,0,100,0,0,96.2,3.8,0
2020,OURINHOS,CANITAR,1,0,0,0,0,0,0,98.79,1.21,0
2020,OURINHOS,CHAVANTES,1,0,0,0,99.54,0.46,0,93.07,4.29,2.64
2020,OURINHOS,ESPIRITO SANTO DO TURVO,1,0,0,0,100,0,0,100,0,0
2020,OURINHOS,IBIRAREMA,1,0,0,0,100,0,0,100,0,0
2020,OURINHOS,IPAUSSU,1,0,0,0,0,0,0,100,0,0
2020,PIRAJU,TIMBURI,1,0,0,0,100,0,0,94.81,3.9,1.29
2020,PIRASSUNUNGA,ANALANDIA,1,0,0,0,0,0,0,100,0,0
2020,PIRASSUNUNGA,ARARAS,1,100,0,0,99.39,0.52,0.09,97.03,2.51,0.46
2020,PIRASSUNUNGA,LEME,1,0,0,0,99.77,0.19,0.04,99.82,0.18,0
2020,PIRASSUNUNGA,PIRASSUNUNGA,1,0,0,0,98.81,1.15,0.04,96.53,3.47,0
2020,PIRASSUNUNGA,PORTO FERREIRA,1,0,0,0,98.84,1.16,0,98.45,1.55,0
2020,PIRASSUNUNGA,SANTA CRUZ DA CONCEICAO,1,0,0,0,100,0,0,100,0,0
2020,PIRASSUNUNGA,SANTA CRUZ DAS PALMEIRAS,1,0,0,0,99.93,0,0.07,99.85,0,0.15
2020,PIRASSUNUNGA,SANTA RITA DO PASSA QUATRO,1,0,0,0,100,0,0,99.51,0,0.49
2020,PRESIDENTE PRUDENTE,ALFREDO MARCONDES,1,100,0,0,95.95,2.89,1.16,95.83,3.33,0.84
2020,PRESIDENTE PRUDENTE,ALVARES MACHADO,1,0,0,0,0,0,0,96.76,3.24,0
2020,PRESIDENTE PRUDENTE,ANHUMAS,1,0,0,0,97.91,2.09,0,93.68,6.32,0
2020,PRESIDENTE PRUDENTE,CAIABU,1,0,0,0,98.17,1.83,0,100,0,0
2020,PRESIDENTE PRUDENTE,INDIANA,1,0,0,0,99.43,0.57,0,100,0,0
2020,PRESIDENTE PRUDENTE,MARTINOPOLIS,1,0,0,0,100,0,0,100,0,0
2020,PRESIDENTE PRUDENTE,PIRAPOZINHO,1,0,0,0,99.23,0.77,0,98.84,1.16,0
2020,PRESIDENTE PRUDENTE,PRESIDENTE PRUDENTE,1,0,0,0,97.39,2.58,0.03,96.53,3.39,0.08
2020,PRESIDENTE PRUDENTE,REGENTE FEIJO,1,0,0,0,94.32,5.68,0,95.03,4.97,0
2020,PRESIDENTE PRUDENTE,SANTO EXPEDITO,1,0,0,0,97.55,2.45,0,95.95,4.05,0
2020,PRESIDENTE PRUDENTE,TACIBA,1,0,0,0,100,0,0,100,0,0
2020,REGISTRO,BARRA DO TURVO,1,0,0,0,100,0,0,100,0,0
2020,REGISTRO,CAJATI,1,0,0,0,99.88,0.12,0,99.9,0.1,0
2020,REGISTRO,CANANEIA,1,100,0,0,99.02,0.98,0,99.05,0.95,0
2020,REGISTRO,ELDORADO,1,100,0,0,100,0,0,99.82,0.18,0
2020,REGISTRO,JACUPIRANGA,1,0,0,0,100,0,0,100,0,0
2020,REGISTRO,PARIQUERA-ACU,1,100,0,0,100,0,0,99.67,0.33,0
2020,REGISTRO,REGISTRO,1,100,0,0,99.68,0.18,0.14,98.47,1.47,0.06
2020,REGISTRO,SETE BARRAS,1,100,0,0,98.64,1.36,0,96.41,3.59,0
2020,RIBEIRAO PRETO,ALTINOPOLIS,1,0,0,0,100,0,0,99.06,0.94,0
2020,RIBEIRAO PRETO,BATATAIS,1,100,0,0,96.36,2.75,0.89,90.42,7.68,1.9
2020,RIBEIRAO PRETO,BRODOWSKI,1,0,0,0,96.23,3.77,0,94.78,4.71,0.51
2020,RIBEIRAO PRETO,CAJURU,1,0,0,0,95.85,3.83,0.32,97.29,2.34,0.37
2020,RIBEIRAO PRETO,CASSIA DOS COQUEIROS,1,0,0,0,0,0,0,100,0,0
2020,RIBEIRAO PRETO,CRAVINHOS,1,0,0,0,98.99,0.93,0.08,99.55,0.11,0.34
2020,RIBEIRAO PRETO,LUIS ANTONIO,1,0,0,0,0,0,0,100,0,0
2020,RIBEIRAO PRETO,RIBEIRAO PRETO,1,99.14,0.69,0.17,97.28,2.49,0.23,95.33,3.15,1.52
2020,RIBEIRAO PRETO,SANTA CRUZ DA ESPERANCA,1,0,0,0,0,0,0,98.73,1.27,0
2020,RIBEIRAO PRETO,SANTA ROSA DE VITERBO,1,0,0,0,99.42,0.58,0,100,0,0
2020,RIBEIRAO PRETO,SANTO ANTONIO DA ALEGRIA,1,0,0,0,0,0,0,100,0,0
2020,RIBEIRAO PRETO,SAO SIMAO,1,100,0,0,97.79,2.21,0,99.72,0.28,0
2020,RIBEIRAO PRETO,SERRA AZUL,1,0,0,0,99.3,0.7,0,97.92,2.08,0
2020,RIBEIRAO PRETO,SERRANA,1,0,0,0,100,0,0,99.91,0.09,0
2020,SANTO ANASTACIO,CAIUA,1,0,0,0,100,0,0,98.35,1.65,0
2020,SANTO ANASTACIO,EMILIANOPOLIS,1,0,0,0,0,0,0,100,0,0
2020,SANTO ANASTACIO,MARABA PAULISTA,1,0,0,0,99.32,0.68,0,95.79,4.21,0
2020,SANTO ANASTACIO,PIQUEROBI,1,0,0,0,100,0,0,97.83,2.17,0
2020,SANTO ANASTACIO,PRESIDENTE BERNARDES,1,0,0,0,75,25,0,96.58,3.42,0
2020,SANTO ANASTACIO,PRESIDENTE EPITACIO,1,98.54,1.28,0.18,98.82,1.18,0,95.43,4.57,0
2020,SANTO ANASTACIO,PRESIDENTE VENCESLAU,1,0,0,0,100,0,0,98.84,1.16,0
2020,SANTO ANASTACIO,RIBEIRAO DOS INDIOS,1,0,0,0,98.97,1.03,0,98.15,1.85,0
2020,SANTO ANASTACIO,SANTO ANASTACIO,1,0,0,0,92.75,6.88,0.37,88.44,11.56,0
2020,SANTO ANDRE,SANTO ANDRE,1,99.01,0.98,0.01,98.03,1.58,0.39,96.96,2.6,0.44
2020,SANTOS,BERTIOGA,1,0,0,0,98.89,0.92,0.19,99.38,0.58,0.04
2020,SANTOS,CUBATAO,1,100,0,0,99.86,0,0.14,99.84,0.08,0.08
2020,SANTOS,GUARUJA,1,99.9,0,0.1,99.19,0.77,0.04,97.88,1.83,0.29
2020,SANTOS,SANTOS,1,100,0,0,99.65,0.22,0.13,98.79,1.1,0.11
2020,SAO BERNARDO DO CAMPO,SAO BERNARDO DO CAMPO,1,100,0,0,98.85,0.74,0.41,97.23,1.82,0.95
2020,ADAMANTINA,ADAMANTINA,1,0,0,0,100,0,0,100,0,0
2020,ADAMANTINA,DRACENA,1,0,0,0,100,0,0,99.91,0,0.09
2020,ADAMANTINA,FLORA RICA,1,0,0,0,0,0,0,100,0,0
2020,ADAMANTINA,FLORIDA PAULISTA,1,0,0,0,100,0,0,100,0,0
2020,ADAMANTINA,INUBIA PAULISTA,1,0,0,0,98.86,1.14,0,100,0,0
2020,ADAMANTINA,IRAPURU,1,66.67,33.33,0,95.81,2.9,1.29,96.15,1.28,2.57
2020,ADAMANTINA,JUNQUEIROPOLIS,1,0,0,0,100,0,0,100,0,0
2020,ADAMANTINA,LUCELIA,1,0,0,0,100,0,0,100,0,0
2020,ADAMANTINA,MARIAPOLIS,1,0,0,0,100,0,0,100,0,0
2020,ADAMANTINA,MONTE CASTELO,1,0,0,0,100,0,0,100,0,0
2020,ADAMANTINA,NOVA GUATAPORANGA,1,0,0,0,100,0,0,100,0,0
2020,ADAMANTINA,OSVALDO CRUZ,1,0,0,0,100,0,0,100,0,0
2020,ADAMANTINA,OURO VERDE,1,0,0,0,0,0,0,100,0,0
2020,ADAMANTINA,PACAEMBU,1,0,0,0,99.29,0,0.71,92.05,0,7.95
2020,ADAMANTINA,PANORAMA,1,0,0,0,100,0,0,100,0,0
2020,ADAMANTINA,PAULICEIA,1,0,0,0,100,0,0,100,0,0
2020,ADAMANTINA,PRACINHA,1,0,0,0,100,0,0,100,0,0
2020,ADAMANTINA,SAGRES,1,0,0,0,100,0,0,100,0,0
2020,ADAMANTINA,SALMOURAO,1,0,0,0,100,0,0,100,0,0
2020,ADAMANTINA,SANTA MERCEDES,1,0,0,0,100,0,0,100,0,0
2020,ADAMANTINA,SAO JOAO DO PAU D'ALHO,1,0,0,0,100,0,0,100,0,0
2020,ADAMANTINA,TUPI PAULISTA,1,0,0,0,0,0,0,100,0,0
2020,AMERICANA,AMERICANA,1,99.38,0.6,0.02,98.42,1.55,0.03,96.98,3.02,0
2020,AMERICANA,NOVA ODESSA,1,0,0,0,99.82,0.18,0,100,0,0
2020,AMERICANA,SANTA BARBARA D'OESTE,1,99.18,0.82,0,99.38,0.56,0.06,98.73,1.2,0.07
2020,ANDRADINA,ANDRADINA,1,0,0,0,99.67,0.33,0,99.84,0.16,0
2020,ANDRADINA,CASTILHO,1,0,0,0,99.89,0.11,0,100,0,0
2020,ANDRADINA,GUARACAI,1,0,0,0,99.35,0.65,0,100,0,0
2020,ANDRADINA,ILHA SOLTEIRA,1,0,0,0,100,0,0,99.43,0.57,0
2020,ANDRADINA,ITAPURA,1,0,0,0,100,0,0,98.97,1.03,0
2020,ANDRADINA,LAVINIA,1,0,0,0,0,0,0,100,0,0
2020,ANDRADINA,MIRANDOPOLIS,1,0,0,0,100,0,0,99.81,0.19,0
2020,ANDRADINA,MURUTINGA DO SUL,1,0,0,0,100,0,0,100,0,0
2020,ANDRADINA,NOVA INDEPENDENCIA,1,0,0,0,0,0,0,97.89,2.11,0
2020,ANDRADINA,PEREIRA BARRETO,1,0,0,0,100,0,0,100,0,0
2020,ANDRADINA,SUD MENNUCCI,1,0,0,0,0,0,0,100,0,0
2020,APIAI,APIAI,1,100,0,0,99.79,0.21,0,98.93,0.93,0.14
2020,APIAI,BARRA DO CHAPEU,1,0,0,0,100,0,0,100,0,0
2020,APIAI,GUAPIARA,1,0,0,0,100,0,0,99.85,0.15,0
2020,APIAI,IPORANGA,1,0,0,0,100,0,0,100,0,0
2020,APIAI,ITAOCA,1,100,0,0,100,0,0,100,0,0
2020,APIAI,ITAPIRAPUA PAULISTA,1,0,0,0,99.64,0.36,0,99.49,0.51,0
2020,APIAI,RIBEIRA,1,0,0,0,100,0,0,99.33,0,0.67
2020,APIAI,RIBEIRAO BRANCO,1,0,0,0,100,0,0,100,0,0
2020,ARACATUBA,ARACATUBA,1,100,0,0,99.57,0.23,0.2,99.38,0.45,0.17
2020,ARACATUBA,BENTO DE ABREU,1,0,0,0,100,0,0,100,0,0
2020,ARACATUBA,GUARARAPES,1,0,0,0,99.63,0,0.37,99.57,0,0.43
2020,ARACATUBA,RUBIACEA,1,0,0,0,97.69,2.31,0,100,0,0
2020,ARACATUBA,SANTO ANTONIO DO ARACANGUA,1,0,0,0,0,0,0,100,0,0
2020,ARACATUBA,VALPARAISO,1,0,0,0,100,0,0,100,0,0
2020,ARARAQUARA,AMERICO BRASILIENSE,1,0,0,0,95.46,4.54,0,98.36,1.64,0
2020,ARARAQUARA,ARARAQUARA,1,100,0,0,100,0,0,99.96,0.04,0
2020,ARARAQUARA,BOA ESPERANCA DO SUL,1,0,0,0,0,0,0,99.75,0,0.25
2020,ARARAQUARA,GAVIAO PEIXOTO,1,0,0,0,100,0,0,100,0,0
2020,ARARAQUARA,MATAO,1,100,0,0,100,0,0,100,0,0
2020,ARARAQUARA,MOTUCA,1,0,0,0,0,0,0,89.47,10.53,0
2020,ARARAQUARA,NOVA EUROPA,1,0,0,0,0,0,0,100,0,0
2020,ARARAQUARA,RINCAO,1,0,0,0,96.96,3.04,0,96.67,3.33,0
2020,ARARAQUARA,SANTA LUCIA,1,0,0,0,100,0,0,100,0,0
2020,ARARAQUARA,TRABIJU,1,0,0,0,0,0,0,100,0,0
2020,ASSIS,ASSIS,1,0,0,0,97.81,2.19,0,94.96,4.99,0.05
2020,ASSIS,BORA,1,0,0,0,100,0,0,100,0,0
2020,ASSIS,CANDIDO MOTA,1,100,0,0,99.86,0.14,0,99.18,0.65,0.17
2020,ASSIS,CRUZALIA,1,100,0,0,100,0,0,100,0,0
2020,ASSIS,FLORÍNEA,1,100,0,0,100,0,0,100,0,0
2020,ASSIS,IEPE,1,0,0,0,100,0,0,99.58,0,0.42
2020,ASSIS,LUTECIA,1,0,0,0,100,0,0,100,0,0
2020,ASSIS,MARACAI,1,0,0,0,99.83,0,0.17,100,0,0
2020,ASSIS,NANTES,1,0,0,0,100,0,0,100,0,0
2020,ASSIS,PALMITAL,1,0,0,0,98.89,0.89,0.22,99.32,0.23,0.45
2020,ASSIS,PARAGUACU PAULISTA,1,0,0,0,99.34,0.66,0,93.88,6.12,0
2020,ASSIS,PEDRINHAS PAULISTA,1,0,0,0,100,0,0,100,0,0
2020,ASSIS,PLATINA,1,0,0,0,100,0,0,100,0,0
2020,ASSIS,TARUMA,1,0,0,0,99.66,0.34,0,100,0,0
2020,AVARE,AGUAS DE SANTA BARBARA,1,0,0,0,100,0,0,100,0,0
2020,AVARE,ARANDU,1,0,0,0,99.72,0.28,0,100,0,0
2020,AVARE,AVARE,1,0,0,0,99.49,0.51,0,96.71,3.29,0
2020,AVARE,CERQUEIRA CESAR,1,100,0,0,100,0,0,99.81,0.19,0
2020,AVARE,IARAS,1,100,0,0,100,0,0,100,0,0
2020,AVARE,ITAI,1,0,0,0,100,0,0,100,0,0
2020,AVARE,TAQUARITUBA,1,0,0,0,99.29,0.71,0,98.72,1.28,0
2020,BARRETOS,ALTAIR,1,0,0,0,100,0,0,100,0,0
2020,BARRETOS,BARRETOS,1,0,0,0,99.94,0,0.06,99.95,0,0.05
2020,BARRETOS,COLINA,1,0,0,0,0,0,0,100,0,0
2020,BARRETOS,COLOMBIA,1,0,0,0,0,0,0,100,0,0
2020,BARRETOS,GUAIRA,1,0,0,0,100,0,0,100,0,0
2020,BARRETOS,GUARACI,1,0,0,0,0,0,0,100,0,0
2020,BARRETOS,JABORANDI,1,0,0,0,0,0,0,100,0,0
2020,BARRETOS,OLIMPIA,1,0,0,0,99.85,0.15,0,99.94,0.06,0
2020,BARRETOS,SEVERINIA,1,0,0,0,0,0,0,99.77,0.23,0
2020,BAURU,AGUDOS,1,0,0,0,98.23,1.71,0.06,97.76,2.24,0
2020,BAURU,AREALVA,1,0,0,0,97.87,2.13,0,95.61,4.39,0
2020,BAURU,AVAI,1,100,0,0,99.21,0.79,0,97.22,2.78,0
2020,BAURU,BALBINOS,1,0,0,0,100,0,0,100,0,0
2020,BAURU,BAURU,1,99.21,0.73,0.06,98.31,1.64,0.05,98.01,1.84,0.15
2020,BAURU,CABRALIA PAULISTA,1,0,0,0,96.96,3.04,0,88.39,8.93,2.68
2020,BAURU,DUARTINA,1,0,0,0,99.1,0.9,0,99.23,0.77,0
2020,BAURU,IACANGA,1,0,0,0,0,0,0,100,0,0
2020,BAURU,LENCOIS PAULISTA,1,0,0,0,99.82,0.12,0.06,99.08,0.87,0.05
2020,BAURU,LUCIANOPOLIS,1,0,0,0,98.58,1.42,0,98.7,1.3,0
2020,BAURU,PAULISTANIA,1,0,0,0,100,0,0,100,0,0
2020,BAURU,PIRAJUI,1,0,0,0,99.66,0.34,0,99.1,0.9,0
2020,BAURU,PIRATININGA,1,0,0,0,99.78,0.22,0,99.33,0.67,0
2020,BAURU,PRESIDENTE ALVES,1,100,0,0,99.51,0.49,0,100,0,0
2020,BAURU,REGINOPOLIS,1,0,0,0,100,0,0,99.44,0,0.56
2020,BAURU,UBIRAJARA,1,0,0,0,97.74,2.26,0,95.24,4.76,0
2020,BIRIGUI,BILAC,1,0,0,0,98.44,1.56,0,99.44,0.56,0
2020,BIRIGUI,BIRIGUI,1,0,0,0,99.89,0.11,0,99.31,0.66,0.03
2020,BIRIGUI,BREJO ALEGRE,1,0,0,0,98.8,1.2,0,91.3,8.7,0
2020,BIRIGUI,BURITAMA,1,0,0,0,100,0,0,100,0,0
2020,BIRIGUI,COROADOS,1,0,0,0,97.57,2.43,0,94.57,5.43,0
2020,BIRIGUI,GABRIEL MONTEIRO,1,0,0,0,100,0,0,100,0,0
2020,BIRIGUI,GLICERIO,1,0,0,0,100,0,0,100,0,0
2020,BIRIGUI,LOURDES,1,0,0,0,100,0,0,100,0,0
2020,BIRIGUI,PIACATU,1,0,0,0,100,0,0,100,0,0
2020,BIRIGUI,TURIUBA,1,0,0,0,100,0,0,100,0,0
2020,BOTUCATU,ANHEMBI,1,0,0,0,0,0,0,100,0,0
2020,BOTUCATU,AREIOPOLIS,1,0,0,0,0,0,0,100,0,0
2020,BOTUCATU,BOFETE,1,0,0,0,100,0,0,100,0,0
2020,BOTUCATU,BOTUCATU,1,100,0,0,97.59,2.26,0.15,95.01,4.93,0.06
2020,BOTUCATU,CESARIO LANGE,1,0,0,0,0,0,0,100,0,0
2020,BOTUCATU,CONCHAS,1,0,0,0,97.69,2.31,0,97.25,0,2.75
2020,BOTUCATU,ITATINGA,1,0,0,0,99.83,0.17,0,94.88,3.8,1.32
2020,BOTUCATU,LARANJAL PAULISTA,1,0,0,0,94.78,5.22,0,93.94,6.06,0
2020,BOTUCATU,PARDINHO,1,0,0,0,0,0,0,100,0,0
2020,BOTUCATU,PEREIRAS,1,0,0,0,100,0,0,100,0,0
2020,BOTUCATU,PORANGABA,1,0,0,0,100,0,0,100,0,0
2020,BOTUCATU,PRATANIA,1,0,0,0,100,0,0,100,0,0
2020,BOTUCATU,QUADRA,1,0,0,0,0,0,0,100,0,0
2020,BOTUCATU,SAO MANUEL,1,0,0,0,98.74,1.26,0,97.07,1.69,1.24
2020,BOTUCATU,TORRE DE PEDRA,1,0,0,0,100,0,0,100,0,0
2020,BRAGANCA PAULISTA,ATIBAIA,1,100,0,0,99.94,0.06,0,99.85,0.15,0
2020,BRAGANCA PAULISTA,BOM JESUS DOS PERDOES,1,0,0,0,99.54,0.46,0,98.6,1.4,0
2020,BRAGANCA PAULISTA,BRAGANCA PAULISTA,1,0,0,0,99.97,0.01,0.02,99.88,0,0.12
2020,BRAGANCA PAULISTA,JOANOPOLIS,1,0,0,0,0,0,0,100,0,0
2020,BRAGANCA PAULISTA,MORUNGABA,1,0,0,0,100,0,0,97.51,2.49,0
2020,BRAGANCA PAULISTA,NAZARE PAULISTA,1,99.65,0.35,0,100,0,0,99.52,0.48,0
2020,BRAGANCA PAULISTA,PEDRA BELA,1,0,0,0,0,0,0,100,0,0
2020,BRAGANCA PAULISTA,PINHALZINHO,1,0,0,0,0,0,0,99.5,0.5,0
2020,BRAGANCA PAULISTA,PIRACAIA,1,0,0,0,99.83,0,0.17,100,0,0
2020,BRAGANCA PAULISTA,SOCORRO,1,100,0,0,100,0,0,99.9,0.1,0
2020,BRAGANCA PAULISTA,TUIUTI,1,0,0,0,0,0,0,100,0,0
2020,BRAGANCA PAULISTA,VARGEM,1,0,0,0,0,0,0,97.62,2.38,0
2020,CAIEIRAS,CAIEIRAS,1,100,0,0,100,0,0,99.83,0.14,0.03
2020,CAIEIRAS,CAJAMAR,1,0,0,0,100,0,0,98.02,1.98,0
2020,CAIEIRAS,FRANCISCO MORATO,1,100,0,0,99.69,0.31,0,99.25,0.73,0.02
2020,CAIEIRAS,FRANCO DA ROCHA,1,100,0,0,99.8,0.2,0,99.94,0.06,0
2020,CAIEIRAS,MAIRIPORA,1,0,0,0,99.22,0.24,0.54,97.56,0.83,1.61
2020,CAMPINAS LESTE,CAMPINAS,1,99.77,0.23,0,99.16,0.81,0.03,98.29,1.61,0.1
2020,CAMPINAS LESTE,JAGUARIUNA,1,0,0,0,0,0,0,96.69,1.93,1.38
2020,CAMPINAS OESTE,CAMPINAS,1,99.73,0.13,0.14,99.57,0.36,0.07,99.47,0.35,0.18
2020,CAMPINAS OESTE,VALINHOS,1,0,0,0,99.73,0,0.27,98.17,1.26,0.57
2020,CAMPINAS OESTE,VINHEDO,1,0,0,0,100,0,0,96.9,3.1,0
2020,CAPIVARI,CAPIVARI,1,0,0,0,100,0,0,99.07,0,0.93
2020,CAPIVARI,ELIAS FAUSTO,1,0,0,0,0,0,0,97.58,2.42,0
2020,CAPIVARI,INDAIATUBA,1,0,0,0,99.87,0.13,0,99.49,0.48,0.03
2020,CAPIVARI,MOMBUCA,1,0,0,0,0,0,0,100,0,0
2020,CAPIVARI,MONTE MOR,1,0,0,0,100,0,0,99.89,0.05,0.06
2020,CAPIVARI,RAFARD,1,0,0,0,100,0,0,100,0,0
2020,CAPIVARI,RIO DAS PEDRAS,1,0,0,0,100,0,0,100,0,0
2020,CARAGUATATUBA,CARAGUATATUBA,1,0,0,0,99.95,0.05,0,99.19,0.81,0
2020,CARAGUATATUBA,ILHABELA,1,0,0,0,0,0,0,99.66,0,0.34
2020,CARAGUATATUBA,SAO SEBASTIAO,1,0,0,0,0,0,0,97.32,2.68,0
2020,CARAGUATATUBA,UBATUBA,1,100,0,0,99.81,0.19,0,99.76,0.24,0
2020,CARAPICUIBA,CARAPICUIBA,1,98.71,0.85,0.44,98.96,1.02,0.02,98.1,1.88,0.02
2020,CARAPICUIBA,COTIA,1,89.34,10.66,0,95.98,3.07,0.95,94.12,4.18,1.7
2020,CATANDUVA,ARIRANHA,1,0,0,0,100,0,0,100,0,0
2020,CATANDUVA,CAJOBI,1,0,0,0,0,0,0,100,0,0
2020,CATANDUVA,CATANDUVA,1,0,0,0,99.92,0.08,0,99.87,0.13,0
2020,CATANDUVA,CATIGUA,1,0,0,0,100,0,0,100,0,0
2020,CATANDUVA,ELISIARIO,1,0,0,0,0,0,0,100,0,0
2020,CATANDUVA,EMBAUBA,1,0,0,0,100,0,0,100,0,0
2020,CATANDUVA,ITAJOBI,1,0,0,0,0,0,0,100,0,0
2020,CATANDUVA,MARAPOAMA,1,0,0,0,100,0,0,100,0,0
2020,CATANDUVA,NOVAIS,1,0,0,0,0,0,0,100,0,0
2020,CATANDUVA,NOVO HORIZONTE,1,0,0,0,100,0,0,100,0,0
2020,CATANDUVA,PALMARES PAULISTA,1,0,0,0,100,0,0,99.67,0.33,0
2020,CATANDUVA,PARAISO,1,0,0,0,0,0,0,100,0,0
2020,CATANDUVA,PINDORAMA,1,0,0,0,100,0,0,100,0,0
2020,CATANDUVA,SANTA ADELIA,1,0,0,0,100,0,0,100,0,0
2020,CATANDUVA,TABAPUA,1,0,0,0,100,0,0,99.7,0.3,0
2020,CENTRO,SAO PAULO,1,98.82,1.02,0.16,97.7,2.26,0.04,97.79,2.12,0.09
2020,CENTRO OESTE,SAO PAULO,1,99.2,0.56,0.24,98.49,0.67,0.84,97.73,0.52,1.75
2020,CENTRO SUL,SAO PAULO,1,99.44,0.5,0.06,98.86,1.06,0.08,98.03,1.87,0.1
2020,DIADEMA,DIADEMA,1,99.61,0.38,0.01,98.25,1.46,0.29,98.15,1.36,0.49
2020,FERNANDOPOLIS,ESTRELA D'OESTE,1,0,0,0,100,0,0,100,0,0
2020,FERNANDOPOLIS,FERNANDOPOLIS,1,100,0,0,99.96,0.04,0,99.52,0.48,0
2020,FERNANDOPOLIS,GENERAL SALGADO,1,100,0,0,100,0,0,100,0,0
2020,FERNANDOPOLIS,GUARANI D'OESTE,1,0,0,0,100,0,0,100,0,0
2020,FERNANDOPOLIS,INDIAPORA,1,0,0,0,100,0,0,100,0,0
2020,FERNANDOPOLIS,MACEDONIA,1,0,0,0,100,0,0,100,0,0
2020,FERNANDOPOLIS,MAGDA,1,0,0,0,100,0,0,100,0,0
2020,FERNANDOPOLIS,MERIDIANO,1,0,0,0,100,0,0,100,0,0
2020,FERNANDOPOLIS,MIRA ESTRELA,1,0,0,0,100,0,0,100,0,0
2020,FERNANDOPOLIS,OUROESTE,1,0,0,0,100,0,0,100,0,0
2020,FERNANDOPOLIS,PEDRANOPOLIS,1,0,0,0,100,0,0,100,0,0
2020,FERNANDOPOLIS,POPULINA,1,0,0,0,100,0,0,100,0,0
2020,FERNANDOPOLIS,SAO JOAO DAS DUAS PONTES,1,0,0,0,100,0,0,100,0,0
2020,FERNANDOPOLIS,SAO JOAO DE IRACEMA,1,0,0,0,100,0,0,100,0,0
2020,FERNANDOPOLIS,TURMALINA,1,0,0,0,100,0,0,100,0,0
2020,FRANCA,CRISTAIS PAULISTA,1,0,0,0,0,0,0,98.92,0,1.08
2020,FRANCA,FRANCA,1,99.57,0.41,0.02,98.9,1.06,0.04,97.77,2.09,0.14
2020,FRANCA,ITIRAPUA,1,0,0,0,99.38,0.62,0,96.85,3.15,0
2020,FRANCA,JERIQUARA,1,0,0,0,0,0,0,100,0,0
2020,FRANCA,PATROCINIO PAULISTA,1,0,0,0,99.3,0.7,0,99.06,0.94,0
2020,FRANCA,PEDREGULHO,1,0,0,0,99.26,0,0.74,98.34,0,1.66
2020,FRANCA,RESTINGA,1,0,0,0,0,0,0,100,0,0
2020,FRANCA,RIBEIRAO CORRENTE,1,0,0,0,0,0,0,99.41,0,0.59
2020,FRANCA,RIFAINA,1,0,0,0,100,0,0,100,0,0
2020,FRANCA,SAO JOSE DA BELA VISTA,1,0,0,0,97.79,0,2.21,96.06,0,3.94
2020,GUARATINGUETA,APARECIDA,1,0,0,0,0,0,0,98.96,1.04,0
2020,GUARATINGUETA,ARAPEI,1,0,0,0,0,0,0,100,0,0
2020,GUARATINGUETA,AREIAS,1,0,0,0,0,0,0,100,0,0
2020,GUARATINGUETA,BANANAL,1,0,0,0,0,0,0,100,0,0
2020,GUARATINGUETA,CACHOEIRA PAULISTA,1,0,0,0,97.07,2.84,0.09,96.49,3.32,0.19
2020,GUARATINGUETA,CANAS,1,0,0,0,0,0,0,97.2,0,2.8
2020,GUARATINGUETA,CRUZEIRO,1,0,0,0,99.77,0.23,0,99.58,0.42,0
2020,GUARATINGUETA,CUNHA,1,0,0,0,98.07,1.83,0.1,99.19,0.49,0.32
2020,GUARATINGUETA,GUARATINGUETA,1,0,0,0,95.43,4.57,0,94.59,5.41,0
2020,GUARATINGUETA,LAVRINHAS,1,0,0,0,100,0,0,100,0,0
2020,GUARATINGUETA,LORENA,1,100,0,0,98.15,1.85,0,99.04,0.96,0
2020,GUARATINGUETA,PIQUETE,1,0,0,0,99.78,0.22,0,98.83,0.58,0.59
2020,GUARATINGUETA,POTIM,1,0,0,0,0,0,0,100,0,0
2020,GUARATINGUETA,QUELUZ,1,0,0,0,100,0,0,100,0,0
2020,GUARATINGUETA,ROSEIRA,1,0,0,0,0,0,0,100,0,0
2020,GUARATINGUETA,SAO JOSE DO BARREIRO,1,0,0,0,0,0,0,97.93,2.07,0
2020,GUARATINGUETA,SILVEIRAS,1,0,0,0,98.83,1.17,0,100,0,0
2020,GUARULHOS NORTE,GUARULHOS,1,99.76,0.24,0,99.66,0.3,0.04,99.31,0.62,0.07
2020,GUARULHOS SUL,GUARULHOS,1,98.33,1.46,0.21,97.56,2.33,0.11,96.23,3.32,0.45
2020,ITAPECERICA DA SERRA,EMBU-GUACU,1,100,0,0,100,0,0,99.82,0,0.18
2020,ITAPECERICA DA SERRA,ITAPECERICA DA SERRA,1,98.78,0,1.22,99.85,0.04,0.11,99.41,0.25,0.34
2020,ITAPECERICA DA SERRA,JUQUITIBA,1,100,0,0,100,0,0,100,0,0
2020,ITAPECERICA DA SERRA,SAO LOURENCO DA SERRA,1,0,0,0,99.63,0,0.37,99.43,0.19,0.38
2020,ITAPETININGA,ALAMBARI,1,0,0,0,100,0,0,100,0,0
2020,ITAPETININGA,ANGATUBA,1,100,0,0,100,0,0,95.3,4.7,0
2020,ITAPETININGA,CAMPINA DO MONTE ALEGRE,1,0,0,0,0,0,0,100,0,0
2020,ITAPETININGA,GUAREI,1,0,0,0,97.72,2.28,0,90.75,9.25,0
2020,ITAPETININGA,ITAPETININGA,1,99.49,0.51,0,99.25,0.73,0.02,96.9,3.08,0.02
2020,ITAPETININGA,PARANAPANEMA,1,0,0,0,0,0,0,96.49,3.51,0
2020,ITAPETININGA,SAO MIGUEL ARCANJO,1,0,0,0,99.48,0.52,0,99.44,0.56,0
2020,ITAPETININGA,SARAPUI,1,0,0,0,99.62,0.38,0,96.48,3.52,0
2020,ITAPETININGA,TATUI,1,0,0,0,99.32,0.6,0.08,99.61,0.27,0.12
2020,ITAPEVA,BURI,1,0,0,0,0,0,0,100,0,0
2020,ITAPEVA,CAPAO BONITO,1,0,0,0,100,0,0,99.93,0,0.07
2020,ITAPEVA,ITAPEVA,1,0,0,0,0,0,0,99.69,0.27,0.04
2020,ITAPEVA,NOVA CAMPINA,1,0,0,0,0,0,0,100,0,0
2020,ITAPEVA,RIBEIRAO GRANDE,1,0,0,0,100,0,0,100,0,0
2020,ITAPEVA,TAQUARIVAI,1,0,0,0,0,0,0,100,0,0
2020,ITAPEVI,BARUERI,1,0,0,0,0,0,0,99.66,0.11,0.23
2020,ITAPEVI,ITAPEVI,1,0,0,0,99.58,0.19,0.23,99.51,0.26,0.23
2020,ITAPEVI,JANDIRA,1,0,0,0,99.8,0.16,0.04,99.95,0,0.05
2020,ITAPEVI,PIRAPORA DO BOM JESUS,1,0,0,0,0,0,0,99.87,0,0.13
2020,ITAQUAQUECETUBA,ITAQUAQUECETUBA,1,100,0,0,98.83,1.1,0.07,98.54,1.41,0.05
2020,ITAQUAQUECETUBA,POA,1,0,0,0,98.34,1.66,0,96.96,2.95,0.09
2020,ITARARE,BARAO DE ANTONINA,1,100,0,0,100,0,0,98.55,1.45,0
2020,ITARARE,BOM SUCESSO DE ITARARE,1,0,0,0,100,0,0,99.32,0.68,0
2020,ITARARE,CORONEL MACEDO,1,0,0,0,100,0,0,100,0,0
2020,ITARARE,ITABERA,1,99.91,0.09,0,99.36,0.64,0,99.45,0.55,0
2020,ITARARE,ITAPORANGA,1,100,0,0,99.62,0.38,0,94.88,5.12,0
2020,ITARARE,ITARARE,1,0,0,0,99.58,0.42,0,97.03,2.83,0.14
2020,ITARARE,RIVERSUL,1,100,0,0,99.72,0.28,0,98,2,0
2020,SAO BERNARDO DO CAMPO,SAO CAETANO DO SUL,1,0,0,0,99.65,0,0.35,95.37,4.46,0.17
2020,SAO CARLOS,CORUMBATAI,1,0,0,0,0,0,0,100,0,0
2020,SAO CARLOS,DESCALVADO,1,0,0,0,0,0,0,100,0,0
2020,SAO CARLOS,DOURADO,1,0,0,0,100,0,0,100,0,0
2020,SAO CARLOS,IBATE,1,0,0,0,100,0,0,100,0,0
2020,SAO CARLOS,ITIRAPINA,1,0,0,0,100,0,0,100,0,0
2020,SERTAOZINHO,VIRADOURO,1,0,0,0,100,0,0,100,0,0
2020,SOROCABA,SOROCABA,1,99.57,0.43,0,99.46,0.39,0.15,98.98,0.73,0.29
2020,SUL 1,SAO PAULO,1,99.34,0.63,0.03,97.81,2.08,0.11,96.79,2.83,0.38
2020,SUL 2,SAO PAULO,1,98.89,0.79,0.32,97.55,2.11,0.34,96.5,3.2,0.3
2020,SUL 3,SAO PAULO,1,99.23,0.67,0.1,97.52,2.36,0.12,96.94,2.83,0.23
2020,SUMARE,HORTOLANDIA,1,100,0,0,99.11,0.86,0.03,98.59,1.06,0.35
2020,SUMARE,PAULINIA,1,0,0,0,99.08,0.92,0,99.59,0.41,0
2020,SUMARE,SUMARE,1,99.66,0.34,0,99.45,0.48,0.07,98.63,1.13,0.24
2020,SUZANO,FERRAZ DE VASCONCELOS,1,0,0,0,99.16,0.74,0.1,98,1.88,0.12
2020,SUZANO,SUZANO,1,99.87,0.07,0.06,99.36,0.47,0.17,98.8,1.04,0.16
2020,TABOAO DA SERRA,EMBU DAS ARTES,1,99.56,0.44,0,99.5,0.47,0.03,98.45,1.36,0.19
2020,TABOAO DA SERRA,TABOAO DA SERRA,1,97.8,2.2,0,99.6,0.37,0.03,99.36,0.61,0.03
2020,TAQUARITINGA,BORBOREMA,1,100,0,0,100,0,0,100,0,0
2020,TAQUARITINGA,CANDIDO RODRIGUES,1,0,0,0,0,0,0,100,0,0
2020,TAQUARITINGA,DOBRADA,1,100,0,0,100,0,0,100,0,0
2020,TAQUARITINGA,FERNANDO PRESTES,1,0,0,0,0,0,0,100,0,0
2020,TAQUARITINGA,IBITINGA,1,100,0,0,100,0,0,100,0,0
2020,TAQUARITINGA,ITAPOLIS,1,100,0,0,100,0,0,99.9,0.1,0
2020,TAQUARITINGA,PIRANGI,1,0,0,0,100,0,0,100,0,0
2020,TAQUARITINGA,SANTA ERNESTINA,1,0,0,0,100,0,0,100,0,0
2020,TAQUARITINGA,TABATINGA,1,100,0,0,100,0,0,98.73,0,1.27
2020,TAQUARITINGA,TAQUARITINGA,1,0,0,0,99.72,0.28,0,99.58,0.42,0
2020,TAQUARITINGA,VISTA ALEGRE DO ALTO,1,0,0,0,100,0,0,100,0,0
2020,TAUBATE,CACAPAVA,1,0,0,0,98.45,1.39,0.16,96.23,2.69,1.08
2020,TAUBATE,JAMBEIRO,1,0,0,0,0,0,0,98.37,1.63,0
2020,TAUBATE,LAGOINHA,1,0,0,0,97.74,2.26,0,95.4,4.6,0
2020,TAUBATE,NATIVIDADE DA SERRA,1,0,0,0,100,0,0,95.94,2.54,1.52
2020,TAUBATE,PARAIBUNA,1,0,0,0,97.49,0.22,2.29,95.4,0.4,4.2
2020,TAUBATE,REDENCAO DA SERRA,1,0,0,0,97.21,2.79,0,94.63,5.37,0
2020,TAUBATE,SAO LUIZ DO PARAITINGA,1,0,0,0,0,0,0,98.54,1.46,0
2020,TAUBATE,TAUBATE,1,100,0,0,96.73,0.98,2.29,94.5,4.41,1.09
2020,TUPA,ARCO-IRIS,1,100,0,0,100,0,0,100,0,0
2020,TUPA,BASTOS,1,99.13,0.87,0,99.9,0.1,0,98.17,1.83,0
2020,TUPA,HERCULANDIA,1,99.5,0.5,0,100,0,0,100,0,0
2020,TUPA,IACRI,1,98.4,1.6,0,99.25,0.75,0,99.3,0.7,0
2020,TUPA,JOAO RAMALHO,1,0,0,0,100,0,0,100,0,0
2020,TUPA,PARAPUA,1,0,0,0,100,0,0,100,0,0
2020,TUPA,QUATA,1,0,0,0,100,0,0,100,0,0
2020,TUPA,QUEIROZ,1,0,0,0,100,0,0,100,0,0
2020,TUPA,QUINTANA,1,0,0,0,100,0,0,98.24,1.76,0
2020,TUPA,RANCHARIA,1,100,0,0,100,0,0,100,0,0
2020,TUPA,RINOPOLIS,1,99.77,0.23,0,100,0,0,99.07,0.93,0
2020,TUPA,TUPA,1,99.6,0.4,0,99.12,0.8,0.08,95.22,4.78,0
2020,VOTORANTIM,ARACOIABA DA SERRA,1,0,0,0,0,0,0,100,0,0
2020,VOTORANTIM,CAPELA DO ALTO,1,0,0,0,0,0,0,99.59,0,0.41
2020,VOTORANTIM,PIEDADE,1,0,0,0,99.96,0,0.04,99.78,0,0.22
2020,VOTORANTIM,PILAR DO SUL,1,0,0,0,99.33,0.13,0.54,99.23,0.11,0.66
2020,VOTORANTIM,SALTO DE PIRAPORA,1,99.63,0.37,0,99.88,0.12,0,99.47,0.53,0
2020,VOTORANTIM,TAPIRAI,1,0,0,0,100,0,0,100,0,0
2020,VOTORANTIM,VOTORANTIM,1,0,0,0,99.4,0.25,0.35,99.02,0.36,0.62
2020,VOTUPORANGA,ALVARES FLORENCE,1,0,0,0,100,0,0,96.94,3.06,0
2020,VOTUPORANGA,AMERICO DE CAMPOS,1,0,0,0,100,0,0,100,0,0
2020,VOTUPORANGA,CARDOSO,1,100,0,0,100,0,0,100,0,0
2020,VOTUPORANGA,COSMORAMA,1,0,0,0,100,0,0,99.1,0,0.9
2020,VOTUPORANGA,FLOREAL,1,0,0,0,100,0,0,100,0,0
2020,VOTUPORANGA,GASTAO VIDIGAL,1,100,0,0,100,0,0,100,0,0
2020,VOTUPORANGA,MACAUBAL,1,0,0,0,100,0,0,99.55,0,0.45
2020,VOTUPORANGA,MONCOES,1,0,0,0,100,0,0,100,0,0
2020,VOTUPORANGA,NHANDEARA,1,100,0,0,100,0,0,100,0,0
2020,VOTUPORANGA,NOVA CASTILHO,1,0,0,0,100,0,0,100,0,0
2020,VOTUPORANGA,NOVA LUZITANIA,1,0,0,0,100,0,0,100,0,0
2020,VOTUPORANGA,PARISI,1,0,0,0,100,0,0,96.67,3.33,0
2020,VOTUPORANGA,PAULO DE FARIA,1,0,0,0,0,0,0,100,0,0
2020,VOTUPORANGA,PONTES GESTAL,1,0,0,0,100,0,0,100,0,0
2020,VOTUPORANGA,RIOLANDIA,1,0,0,0,0,0,0,100,0,0
2020,VOTUPORANGA,SEBASTIANOPOLIS DO SUL,1,0,0,0,100,0,0,100,0,0
2020,VOTUPORANGA,VALENTIM GENTIL,1,0,0,0,100,0,0,100,0,0
2020,VOTUPORANGA,VOTUPORANGA,1,0,0,0,99.97,0,0.03,99.95,0.05,0
